battery_power,fc,int_memory,mobile_wt,pc,px_height,px_width,ram,three_g,sc_w,price_range
842,1,7,188,2,20,756,2549,0,7,1
1021,0,53,136,6,905,1988,2631,1,3,2
563,2,41,145,6,1263,1716,2603,1,2,2
615,0,10,131,9,1216,1786,2769,1,8,2
1821,13,44,141,14,1208,1212,1411,1,2,1
1859,3,22,164,7,1004,1654,1067,1,1,1
1821,4,10,139,10,381,1018,3220,1,8,3
1954,0,24,187,0,512,1149,700,1,3,0
1445,0,53,174,14,386,836,1099,1,1,0
509,2,9,93,15,1137,1224,513,1,10,0
769,0,9,182,1,248,874,3946,0,2,3
1520,5,33,177,18,151,1005,3826,1,9,3
1815,2,33,159,17,607,748,1482,1,0,1
803,7,17,198,11,344,1440,2680,1,1,2
1866,13,52,185,17,356,563,373,1,9,0
775,3,46,159,16,862,1864,568,1,15,0
838,1,13,196,4,984,1850,3554,1,9,3
595,7,23,121,17,441,810,3752,1,2,3
1131,11,49,101,18,658,878,1835,1,13,1
682,4,19,121,11,902,1064,2337,0,1,1
772,12,39,81,14,1314,1854,2819,1,15,3
1709,1,13,156,2,974,1385,3283,1,1,3
1949,4,47,199,7,407,822,1433,0,5,1
1602,4,38,114,20,466,788,1037,1,7,0
503,5,8,111,13,201,1245,2583,1,0,1
961,0,57,114,3,291,1434,2782,1,9,2
519,7,51,132,19,550,645,3763,1,1,3
956,1,41,143,6,511,1075,3286,1,8,3
1453,12,52,96,18,187,1311,2373,1,1,2
851,3,21,200,7,1171,1263,478,1,7,0
1579,0,5,88,9,1358,1739,3532,0,11,3
1568,16,33,150,20,413,654,508,1,1,0
1319,3,41,107,18,85,1152,2227,1,5,1
1310,0,51,100,0,178,1919,3845,1,0,3
644,0,22,157,3,311,881,1262,1,1,0
725,16,60,160,17,1134,1249,1326,1,4,1
589,1,61,160,10,429,815,2113,1,7,1
1725,6,6,119,18,609,1307,3429,1,5,3
790,16,11,87,17,347,730,3169,1,1,2
560,15,50,159,20,1448,1613,2150,1,12,2
1347,5,44,132,14,434,967,2484,1,2,2
1646,8,41,185,10,1725,1932,3339,1,10,3
1253,5,5,152,19,685,714,1878,1,0,1
1656,5,34,166,7,880,1456,1629,1,12,1
1195,1,20,110,14,1580,1652,504,1,3,0
1514,0,27,118,1,186,1810,1152,0,3,1
1723,1,42,164,14,202,1791,3587,1,5,3
1054,3,40,196,10,27,774,2296,1,12,1
578,2,57,162,8,1025,1433,1270,1,3,0
596,9,64,111,15,885,1854,3238,0,13,3
1547,2,14,198,19,1042,1832,2059,1,0,2
1760,5,63,127,19,1382,1383,2053,0,12,2
1654,0,43,109,0,546,629,3112,1,5,3
1457,1,16,102,10,1013,1287,1440,1,8,1
1073,0,51,145,0,690,804,2908,0,0,2
1936,10,46,104,20,667,1036,2552,1,7,2
823,13,60,148,19,822,1449,905,1,11,0
987,0,61,107,9,581,820,3963,1,4,3
1757,8,49,180,14,265,713,2056,0,5,1
1063,2,48,128,4,127,683,2910,1,13,2
1484,3,12,134,5,916,969,1457,1,4,1
799,1,63,144,6,361,975,431,1,6,0
1156,0,50,159,0,322,547,470,1,0,0
1720,15,55,168,18,753,1353,2148,1,2,2
702,2,9,141,3,504,1570,2955,1,4,2
616,13,44,81,17,651,1618,3366,1,8,3
1358,11,36,155,14,1565,1858,3068,1,4,3
1866,0,30,182,0,108,1781,3834,0,11,3
1242,0,10,165,1,459,1225,1050,1,1,0
1166,0,43,80,1,205,603,3993,1,1,3
1448,6,45,138,11,570,1724,3378,1,11,3
1407,1,22,104,4,1172,1217,2192,1,7,2
605,8,9,142,16,160,1026,392,1,6,0
1038,3,43,141,5,4,638,3709,1,0,3
797,4,38,90,6,763,1413,590,0,2,0
819,8,42,188,20,339,1242,1814,1,4,1
1114,4,9,197,15,1040,1071,907,1,7,0
1234,1,33,172,3,166,778,1449,0,7,0
1199,15,16,116,20,1168,1552,3448,1,13,3
1103,6,29,111,8,990,1486,1837,0,7,1
1589,0,58,85,7,319,1206,3464,1,10,3
999,11,64,199,19,1397,1616,2593,1,11,2
1510,2,45,180,3,708,1752,3484,0,6,3
1008,11,61,114,15,1077,1122,2009,1,3,1
1127,5,57,163,13,928,1049,2048,1,5,1
1412,5,25,96,17,516,1894,837,0,9,1
1496,4,42,182,5,96,741,854,0,0,0
1083,1,64,178,11,1025,1118,3210,1,3,3
668,0,3,155,13,666,1203,2746,1,5,2
1309,0,33,100,14,557,1402,2334,1,1,2
1724,2,57,177,5,1605,1924,2822,1,3,3
1977,7,54,171,18,1226,1242,1971,1,7,2
885,0,15,103,0,769,802,1410,1,10,0
879,11,14,83,15,403,1105,349,1,10,0
1322,6,7,140,9,177,1990,1418,0,17,1
1355,10,23,132,16,651,891,880,1,4,0
1665,3,60,194,18,1572,1684,1601,1,17,2
657,0,37,141,1,476,961,1412,0,3,0
593,6,31,156,7,1233,1317,1692,1,2,1
1883,3,10,146,13,836,1739,2600,1,8,3
1732,4,12,119,9,824,881,1308,1,7,1
543,0,57,192,4,391,984,2413,1,14,1
1939,0,55,199,10,320,520,1047,1,10,0
553,1,8,121,3,325,902,1204,1,4,0
832,2,39,103,3,125,1504,1799,1,2,1
1661,5,23,172,10,846,1634,2676,0,6,3
1657,3,42,198,16,1770,1796,2597,1,1,3
1135,0,46,83,4,293,1846,3029,1,17,3
1775,3,41,163,7,1633,1869,2343,1,13,3
783,0,43,106,4,1198,1471,2016,1,4,1
617,0,32,199,20,768,874,2213,0,13,1
867,0,4,135,1,70,1974,790,1,6,0
1310,13,7,194,14,117,513,3182,1,4,2
1804,9,22,153,19,1158,1244,3472,1,1,3
1900,1,18,89,9,1055,1661,2871,1,1,3
909,0,53,82,0,635,973,3187,1,9,2
1084,3,40,107,11,322,771,1945,1,4,1
1308,8,46,199,12,275,989,488,0,3,0
1778,0,15,102,0,1445,1954,1214,1,0,1
1701,3,10,194,7,550,1338,2598,0,9,2
772,1,10,80,2,1242,1712,3242,1,11,3
825,7,52,130,10,597,863,3534,0,4,3
1379,5,36,200,7,538,1376,3426,1,4,3
1166,3,25,198,4,59,1203,2488,1,5,2
1659,5,16,89,20,819,902,3255,0,14,3
826,0,58,88,1,179,786,2863,1,3,2
1564,4,25,189,17,1259,1965,1496,1,4,1
1957,11,31,181,16,396,1732,3801,1,0,3
1571,0,19,100,1,713,1398,666,1,10,0
1414,2,54,99,3,262,829,3799,1,7,3
1790,9,2,184,14,622,792,1366,1,0,1
645,1,41,197,10,327,580,2962,1,9,2
668,7,30,195,12,522,1056,2399,1,5,1
1652,1,36,89,5,313,1264,2338,0,8,2
1213,0,16,108,0,226,1248,2700,0,3,2
1272,0,22,133,8,605,669,2235,1,4,1
866,5,46,179,7,692,1686,3825,1,11,3
536,12,3,182,14,1386,1539,284,1,9,0
523,1,14,155,2,304,1042,1427,0,1,0
1753,0,31,134,18,1590,1926,1324,1,0,2
1218,1,14,147,4,229,616,398,1,0,0
1537,4,43,137,5,839,1131,3685,1,17,3
786,0,33,141,6,507,1697,2390,1,11,2
1678,3,64,134,11,436,536,278,1,0,0
1814,1,9,141,2,756,786,3556,1,12,3
1101,0,31,148,7,387,1269,2196,0,6,1
1461,3,40,141,4,1265,1298,3799,1,1,3
1216,4,47,199,7,1852,1967,2268,0,5,2
506,6,41,159,7,875,1025,2965,1,10,2
843,1,56,147,17,140,800,2341,1,1,1
742,4,56,190,14,577,1359,3557,0,11,3
1692,3,61,176,12,975,1996,1354,1,7,1
1485,2,32,84,9,510,1013,2147,1,1,2
1547,6,45,166,8,583,590,505,0,2,0
1692,4,46,139,6,674,1925,1394,1,10,1
637,3,60,97,4,1125,1989,374,1,4,0
1224,16,6,109,18,747,826,506,1,0,0
1356,0,29,198,0,1612,1983,3702,0,0,3
1840,12,34,142,16,311,1545,1078,0,0,1
1481,4,37,96,13,116,1533,2945,1,5,2
961,10,51,152,16,554,621,2981,1,6,2
1296,0,14,124,3,811,1272,490,1,1,0
1193,11,26,166,20,730,1729,536,1,14,0
1441,11,3,118,17,577,1071,2317,1,4,2
517,3,33,183,8,660,974,3704,1,16,3
748,0,27,150,4,450,1554,2126,1,9,1
1126,2,10,160,3,1223,1611,2050,1,6,2
1572,0,58,157,8,1109,1937,2462,1,8,3
1270,2,32,101,6,299,845,3770,1,3,3
1854,2,8,101,5,506,627,1886,1,4,1
625,5,10,183,8,635,842,3323,1,1,2
1577,0,42,197,4,1045,1737,2060,1,6,2
534,0,16,189,1,393,1199,3926,1,12,3
946,8,25,143,15,650,1740,2177,1,5,2
685,2,29,93,10,433,648,728,0,8,0
1949,0,23,101,1,839,1136,2478,1,8,3
947,0,22,197,13,1176,1220,2842,1,12,2
801,2,63,165,4,650,879,1617,0,4,1
703,12,30,113,20,218,1065,1472,1,7,0
1165,11,41,178,12,564,831,764,1,12,0
1082,0,38,198,5,986,1191,2337,0,1,2
959,15,20,84,19,561,1631,3965,1,1,3
1502,0,54,138,12,65,588,3693,1,14,3
1380,1,4,92,13,420,500,797,1,2,0
1266,0,5,95,9,1365,1698,1687,1,0,2
1934,0,46,103,17,619,1299,2940,1,9,3
1905,3,6,151,5,849,898,1545,1,5,1
1831,2,43,150,5,611,1381,3834,1,7,3
596,8,46,165,18,953,984,2505,1,4,1
1562,1,7,190,15,642,1533,2243,1,10,2
1490,4,64,150,8,1417,1464,3600,1,9,3
1523,5,57,117,6,247,539,3971,1,12,3
640,0,20,163,15,710,1179,2844,1,5,2
1526,1,23,117,8,718,751,2227,1,10,2
1989,0,41,94,13,1100,1497,1665,1,9,2
1308,0,61,106,7,59,1215,3355,1,2,3
609,3,26,93,4,938,1948,1866,1,10,1
1905,9,36,119,20,825,1542,1287,1,4,1
1703,0,22,192,0,286,1235,1046,1,4,0
1445,7,20,173,15,1273,1345,1441,1,4,1
1087,0,16,166,9,295,589,690,1,6,0
671,10,30,105,17,852,1182,2504,1,4,2
1472,6,61,168,19,710,1052,2677,1,15,2
765,0,47,115,1,1277,1429,2243,1,7,2
1642,16,8,171,17,129,873,2984,1,4,2
1265,7,49,182,16,690,836,1362,0,0,1
664,1,51,110,4,701,1478,3629,1,15,3
1277,0,35,142,6,309,1460,3559,1,17,3
1395,0,23,111,1,213,705,2571,1,0,2
1539,0,41,159,0,1112,1666,2107,1,9,2
1049,9,63,135,17,199,1077,1022,0,3,0
1827,4,39,128,16,55,1020,2844,1,9,2
903,0,50,91,0,1230,1235,711,1,5,0
1987,3,53,181,7,1052,1516,3117,1,5,3
1154,0,49,181,2,541,1499,978,1,3,0
1336,5,17,194,9,55,583,1869,1,1,1
1886,0,24,112,1,809,1958,1179,1,7,1
1551,4,51,88,6,1738,1995,3844,0,8,3
850,6,29,133,19,404,642,593,1,17,0
660,5,40,111,10,262,1178,588,1,5,0
1225,8,13,116,12,759,1404,3836,0,11,3
1452,1,25,123,11,42,1040,2669,1,10,2
1686,3,38,166,4,397,1453,2958,0,11,3
1634,1,17,200,5,964,1677,3031,1,6,3
1151,0,31,128,1,1022,1560,2377,0,8,2
1578,2,37,138,19,411,1226,2458,1,16,2
1488,1,39,112,6,1528,1647,3054,0,10,3
1313,4,9,105,6,416,1308,3791,0,10,3
1715,4,31,83,17,638,1615,625,1,6,0
1442,0,27,192,19,231,687,2227,1,5,1
528,12,6,142,15,574,637,3256,1,8,2
1523,6,11,129,8,148,1606,707,1,8,0
1133,3,42,199,12,730,1543,1457,1,12,1
1718,14,6,183,16,564,980,3755,1,1,3
1330,0,38,183,1,1290,1441,1733,1,0,1
1799,0,49,107,2,632,1383,720,1,2,0
633,0,49,139,1,529,1009,3560,1,1,2
724,0,44,187,0,1273,1754,2311,1,6,2
822,0,51,157,20,667,860,3846,1,1,3
1918,2,10,110,10,1170,1543,1717,1,1,2
1891,7,37,129,14,169,1108,3704,1,6,3
1373,2,50,127,12,105,673,3800,1,3,3
862,3,23,165,15,793,1758,278,0,3,0
1273,3,48,99,15,490,886,1767,1,15,1
957,4,7,107,10,1201,1485,1846,1,5,1
1617,3,30,105,4,246,1038,829,1,0,0
893,0,55,183,1,417,946,2986,0,1,2
1210,0,63,93,0,1177,1462,2394,0,9,2
708,0,63,195,7,78,654,2169,1,5,1
835,2,7,101,7,323,1604,1181,1,5,0
1450,9,19,131,17,707,1882,575,0,9,0
973,5,57,190,16,457,1816,2977,1,4,2
601,4,4,154,13,356,765,532,1,8,0
507,1,32,141,11,936,1398,1702,1,0,1
564,0,51,168,1,912,1980,1074,1,8,0
1559,6,6,162,17,179,1559,3352,1,1,3
754,7,59,178,10,1914,1928,1027,1,3,1
728,0,25,88,1,526,1529,2039,1,1,1
1431,0,56,191,1,156,952,461,1,3,0
767,4,28,175,10,344,1517,527,0,0,0
1722,8,18,177,16,865,1741,3271,1,0,3
1992,5,57,100,15,1552,1596,606,1,3,1
1876,10,40,86,14,546,1564,2513,1,8,3
1054,10,38,136,12,1097,1222,1675,1,4,1
1283,4,47,93,5,372,692,2698,1,6,2
1281,0,28,148,6,1285,1617,1129,0,1,1
1066,2,7,114,18,1242,1571,468,1,13,0
730,0,4,89,2,302,1247,1210,1,15,0
1053,7,45,103,12,594,1767,3086,1,6,3
1611,11,3,98,14,303,714,1595,1,4,1
793,5,30,133,15,1858,1935,2332,1,13,2
1220,3,62,125,8,403,1933,2589,1,11,2
1662,0,61,126,13,32,1509,3760,1,5,3
1281,3,8,144,19,590,954,1851,1,2,1
538,12,2,177,13,235,662,417,1,4,0
823,0,39,187,4,630,888,294,0,9,0
1733,3,36,119,20,357,527,3576,1,16,3
1429,0,40,100,14,246,820,3945,1,7,3
1839,9,54,200,11,475,1493,927,1,10,1
659,6,6,110,7,1054,1929,2044,1,5,1
1953,7,56,158,9,555,764,2334,1,5,2
1172,0,27,164,3,607,1092,1477,1,0,1
612,6,16,102,7,1360,1891,3161,0,4,3
1563,0,24,170,0,142,1699,3660,1,5,3
1191,16,26,84,20,681,683,1604,1,3,1
615,0,42,163,4,104,1664,2211,0,4,1
1893,8,63,134,11,637,763,3822,0,3,3
1563,10,16,151,13,410,572,3922,0,1,3
1995,6,9,139,18,1830,1963,1203,1,12,2
1517,6,48,143,14,802,1489,2822,1,5,3
832,1,34,108,5,311,1294,447,1,13,0
1162,0,56,114,1,56,997,1652,1,0,1
1595,7,12,121,19,344,655,3608,0,1,3
1329,1,52,181,2,1053,1458,1228,1,6,1
928,11,56,80,13,221,1243,666,0,10,0
1656,8,38,105,17,506,519,1499,1,8,1
977,2,57,181,7,63,566,1206,0,1,0
768,16,56,113,20,418,515,952,1,3,0
1464,11,12,117,14,854,1168,3927,0,3,3
1177,1,29,191,8,178,882,311,1,5,0
1956,0,37,87,2,185,776,1109,1,1,1
1751,6,8,178,20,170,564,2969,0,6,2
1530,11,42,177,13,454,1975,725,0,10,0
1997,1,40,185,8,866,1212,1655,1,6,2
1414,5,44,180,6,44,1118,3490,0,12,3
1707,0,41,80,2,1331,1388,1774,0,0,2
894,1,50,199,14,1285,1462,3615,1,0,3
645,6,41,184,17,741,1130,714,1,2,0
1163,0,49,155,0,520,754,2768,0,2,2
1126,3,49,165,17,114,1726,3739,1,1,3
1648,6,64,170,9,1153,1876,610,1,1,1
1170,6,14,199,13,474,709,715,1,5,0
508,7,42,94,8,39,557,663,1,12,0
1097,6,64,161,8,419,1914,1725,1,5,1
728,0,5,101,20,584,775,834,1,0,0
1980,2,29,177,13,312,1910,3865,1,10,3
1504,1,64,182,2,19,1923,3059,0,5,3
1379,14,63,83,17,207,1370,651,1,6,0
1698,5,18,160,20,363,994,796,1,3,0
920,5,25,115,14,209,1078,785,0,7,0
1144,0,21,189,11,159,724,3252,0,0,2
1995,6,26,129,15,649,1104,1322,0,11,1
1430,1,27,183,16,1132,1182,2832,0,1,2
972,5,13,193,8,1392,1795,1615,0,6,1
662,5,20,138,10,1001,1224,2125,0,15,1
1867,0,9,191,3,712,1442,990,1,1,1
1730,0,20,143,10,418,1023,1595,1,0,1
1723,1,7,126,17,384,1361,1213,1,0,1
1882,8,47,140,13,119,652,2500,0,1,2
803,0,18,106,1,627,935,2801,0,15,2
580,0,47,91,1,1086,1345,3451,1,1,3
668,2,48,114,19,195,1292,1201,1,12,0
1391,2,36,182,6,14,1256,3139,1,7,2
1560,0,22,169,1,745,1364,1938,1,11,2
821,5,54,109,9,253,1786,3185,1,4,2
811,5,2,106,13,333,1429,2111,1,7,1
1989,8,17,193,15,629,682,2369,1,0,2
1034,6,37,120,20,707,1199,3625,0,1,3
618,2,6,86,4,1314,1688,1051,0,10,0
654,0,52,196,4,1715,1898,1036,1,4,1
576,2,10,184,7,513,1438,2938,1,0,2
667,6,3,185,13,13,1463,2855,1,0,2
869,7,57,118,15,1243,1584,2727,1,3,2
635,2,42,149,4,300,1059,2973,0,5,2
609,15,44,117,16,58,1253,2581,1,11,1
1557,16,2,123,20,1107,1442,2690,0,16,3
1604,2,33,191,5,134,939,916,0,10,0
1182,7,8,138,16,275,986,2563,1,17,2
848,10,19,148,18,176,1029,3359,1,0,2
1610,7,64,181,12,1236,1280,941,1,4,1
1828,0,17,199,1,336,898,2280,0,14,2
880,1,50,194,3,1116,1381,827,1,9,0
1394,10,62,175,13,1010,1565,473,1,1,0
1960,1,61,86,3,205,1299,3865,1,7,3
809,10,21,91,19,1453,1726,1274,0,7,1
899,13,57,172,18,788,1331,364,1,1,0
1976,4,32,171,7,1301,1922,3699,0,11,3
879,0,21,187,2,463,1038,2927,1,13,2
916,0,36,195,12,188,992,1470,0,0,0
763,8,2,92,14,1028,1186,1050,1,4,0
508,0,9,162,2,1419,1920,2616,1,8,2
825,0,34,99,17,1471,1866,2915,1,2,3
1864,8,46,178,12,168,981,2686,1,7,2
1725,8,52,185,12,1125,1195,1243,1,18,1
1108,10,52,183,12,130,1706,3264,0,1,3
1011,4,36,131,18,481,749,2261,1,6,1
1067,0,58,135,0,79,681,706,0,9,0
1334,5,42,115,14,1187,1974,2542,1,1,3
775,0,30,189,10,561,1510,2523,1,16,2
1899,0,26,151,0,96,814,336,1,11,0
930,1,14,97,10,77,1025,2457,1,7,1
1058,2,19,166,14,493,1247,418,0,7,0
1187,0,46,145,9,1173,1814,3917,1,11,3
1874,10,8,166,13,964,1233,1246,0,1,1
1482,2,48,142,10,634,642,2971,1,8,2
1809,3,59,174,4,639,721,2324,1,6,2
864,0,54,187,1,127,1670,3121,1,2,2
625,12,33,191,20,431,550,3801,1,6,2
1880,4,18,138,5,71,699,3333,1,15,3
1138,12,44,187,17,111,1138,3475,1,3,3
560,14,23,146,15,356,1903,2360,0,16,1
1117,1,12,144,8,798,817,2895,1,6,2
1712,1,63,137,12,747,1126,3652,1,1,3
1836,3,26,134,16,408,1139,3097,0,0,3
1036,0,39,119,3,373,926,2101,0,7,1
1860,15,23,162,16,1362,1506,3918,0,2,3
1375,3,9,145,19,475,726,3869,1,18,3
1945,0,57,195,1,743,1753,732,1,1,1
1896,8,7,141,13,447,794,3684,1,7,3
788,4,57,91,12,42,1161,3969,1,8,3
880,0,33,173,2,30,1350,1414,1,1,0
1323,10,28,131,12,162,619,1892,1,0,1
1868,0,42,169,4,347,660,3131,1,3,3
1266,0,7,184,12,346,1468,2532,1,5,2
1042,16,50,93,18,727,1705,3215,1,0,3
1479,8,19,156,10,180,1476,3323,1,12,3
1476,0,55,171,5,1641,1666,1529,1,8,2
1552,6,13,123,9,269,1026,2403,1,2,2
1454,1,34,83,3,250,1033,3419,1,5,3
1007,0,45,95,2,1186,1529,3648,0,0,3
652,9,17,173,11,77,559,1974,1,10,0
1504,12,34,142,15,507,973,2806,1,2,2
1726,2,51,193,3,379,1223,2239,1,9,2
1029,5,5,171,8,264,956,582,1,7,0
1582,2,44,112,13,1486,1797,3890,1,10,3
1478,12,48,99,17,694,882,1141,0,2,1
1178,0,49,101,0,579,596,2511,0,3,2
707,2,25,131,17,495,574,3838,1,2,3
755,5,51,186,12,315,990,2734,1,1,2
912,1,54,161,5,329,1053,2330,0,5,1
651,2,63,176,4,548,858,2244,1,9,1
1483,1,54,176,2,531,758,1851,1,13,1
914,2,4,100,12,191,1495,808,1,7,0
1456,7,7,105,12,823,1104,1587,1,5,1
1178,6,57,84,17,96,1352,2492,1,14,2
1503,10,43,166,14,841,1304,2122,1,1,2
1681,2,11,158,13,195,1205,1122,0,6,0
715,4,48,160,6,21,562,3709,0,2,2
1876,3,56,182,4,235,585,3021,1,2,2
1190,9,47,186,10,1417,1441,624,1,3,0
1755,0,24,134,2,286,1075,3937,1,1,3
1197,3,20,149,7,649,1629,1797,1,5,1
1048,10,28,194,19,966,1975,1458,1,1,1
1887,6,17,126,7,1172,1798,3348,1,16,3
1772,3,64,116,15,270,545,1834,0,2,1
1421,0,57,165,2,781,1657,2775,1,8,3
1464,0,17,153,8,418,1341,1277,1,6,1
728,4,23,111,5,126,817,457,1,10,0
954,0,50,134,11,228,1058,438,1,0,0
685,8,13,82,15,1091,1203,3210,1,7,3
1472,1,36,130,10,1452,1744,985,1,11,1
853,10,3,200,16,674,740,3701,1,8,3
1469,0,8,123,0,398,1133,1052,0,1,0
1310,6,57,135,9,449,889,1175,0,0,0
1654,1,11,146,2,1184,1719,1070,1,1,1
902,3,3,134,9,675,1285,3411,0,11,3
1448,13,26,156,16,1792,1850,1175,0,9,1
1631,2,3,198,12,177,1905,301,1,5,0
1608,7,28,183,13,1013,1158,489,0,11,0
1991,5,64,145,13,1058,1325,1733,1,3,2
1349,15,62,114,16,592,772,2756,1,3,2
1589,5,51,195,18,810,1743,2612,1,2,2
1844,1,51,158,3,533,882,1724,0,1,1
712,3,35,84,10,558,1208,2190,1,12,1
972,0,54,107,4,681,1050,1900,1,8,1
1406,2,34,98,5,1017,1366,3915,1,8,3
1289,10,25,178,12,765,899,1043,1,2,0
932,1,64,154,2,1176,1224,3817,1,7,3
1747,6,48,94,19,947,1131,2362,1,2,2
1172,4,41,95,7,1314,1884,1107,0,3,1
1128,12,53,84,14,609,1370,2982,1,9,3
664,0,28,106,5,754,1497,2042,1,15,1
513,6,44,186,12,619,867,1343,1,1,0
1742,9,43,170,12,453,681,2610,1,3,2
1512,12,6,162,17,205,884,2335,1,7,2
1986,3,51,165,20,282,1358,1614,1,12,1
965,5,13,109,14,130,998,1138,0,8,0
1067,3,40,122,15,494,1989,604,1,14,0
1583,5,42,118,10,275,862,3652,1,10,3
1653,2,37,176,6,447,1785,3955,1,4,3
1433,7,4,133,11,281,799,258,1,9,0
765,0,18,153,0,6,793,1066,1,1,0
1845,10,61,96,12,292,695,1731,0,5,1
752,1,48,87,13,164,728,3860,0,5,3
1948,8,16,100,10,631,1940,3630,0,7,3
1077,0,45,174,4,897,1304,1965,1,2,1
932,1,60,104,2,268,1078,1459,1,1,0
1968,0,22,115,7,861,1259,2323,0,8,2
1122,9,2,120,14,331,790,3291,1,2,2
1588,0,61,159,13,1064,1594,3272,1,0,3
601,4,26,101,18,509,548,918,0,1,0
1615,14,15,132,16,622,1256,3488,0,2,3
1589,2,58,128,4,957,1911,3961,1,14,3
1417,2,56,114,4,494,1649,590,1,3,0
1697,1,34,95,3,236,1264,3701,1,9,3
1330,14,3,83,17,980,1262,463,0,6,0
1476,0,43,148,2,1789,1972,3644,1,10,3
1579,0,27,142,18,831,1484,1713,1,4,1
1277,0,41,200,3,902,1090,429,1,4,0
1089,12,2,145,15,636,1259,2765,1,12,2
1663,13,27,169,14,831,1439,2084,1,1,2
1949,0,20,186,4,518,592,1125,0,10,1
1138,5,48,109,14,233,1777,2048,1,0,2
685,7,17,174,20,725,870,1223,1,0,0
1889,5,31,132,10,170,1106,3672,1,1,3
857,3,17,195,9,157,948,3100,1,5,2
1902,6,50,124,9,1142,1393,343,0,8,0
1225,0,15,155,0,840,982,1970,1,8,1
1066,5,39,131,17,401,1586,2728,1,0,2
1554,11,5,124,12,395,1579,3635,0,4,3
1337,13,31,186,20,48,644,2180,1,4,1
1926,1,33,172,2,982,1157,2488,1,1,2
869,3,34,104,4,478,539,3864,1,3,3
1278,1,54,104,16,581,750,1155,0,1,0
1773,16,32,170,18,1215,1472,3566,1,6,3
1661,1,6,109,2,594,1337,864,1,8,1
1438,0,32,176,6,683,1663,869,1,13,0
1661,0,29,119,0,536,861,591,1,2,0
1846,1,19,159,2,83,773,1333,0,6,1
1260,2,23,123,10,905,1313,2208,1,11,2
512,7,15,83,15,249,1849,2610,0,14,2
581,0,59,185,6,803,1613,2819,0,17,2
1872,6,44,134,15,459,1259,1955,1,4,2
687,9,50,151,20,584,1151,3416,1,6,3
1062,6,10,160,13,1596,1807,3803,0,3,3
1678,11,7,192,14,418,1763,574,1,3,0
1417,10,45,166,19,364,1029,2129,1,9,1
1074,2,9,103,14,946,952,1948,1,1,1
1832,2,2,90,6,186,654,2978,0,7,2
1039,0,12,200,0,1428,1827,1619,1,1,1
1059,8,61,134,18,1613,1916,3716,1,13,3
1606,3,57,154,4,1127,1924,3454,0,8,3
1928,9,19,187,20,691,1580,3777,1,2,3
1875,11,55,91,17,1802,1942,2712,1,2,3
1128,9,46,135,10,751,1582,1434,1,0,1
1748,6,14,146,7,859,1234,3968,1,12,3
1413,5,51,117,11,187,517,3383,0,5,3
825,0,23,86,0,206,1917,3278,1,6,3
1589,3,26,100,16,1673,1759,3970,1,8,3
535,8,54,145,15,710,939,2674,1,8,2
1780,6,27,190,11,1331,1463,2776,1,17,3
1671,7,61,129,11,263,848,2336,1,4,2
1821,9,12,114,18,97,1803,2430,1,4,2
1076,3,38,119,8,129,915,891,1,3,0
532,3,8,193,10,1213,1354,728,1,5,0
777,3,30,148,17,189,1143,3886,1,10,3
1217,3,17,182,13,628,632,1711,1,3,1
1656,0,16,117,2,320,899,2856,1,3,2
1185,0,31,152,7,837,1642,2447,1,2,2
577,8,37,161,20,1087,1450,814,1,7,0
737,7,49,193,16,781,1463,2951,0,0,2
704,4,53,186,6,251,1013,3653,1,1,2
525,5,51,137,11,262,1587,1891,0,3,1
504,5,16,166,9,767,1665,701,1,15,0
793,1,38,176,7,1226,1815,3139,1,1,3
569,2,39,184,9,389,739,2811,1,6,1
1590,3,21,160,18,920,963,1701,1,4,1
707,0,16,194,0,1027,1508,1853,1,14,1
767,16,19,185,17,271,1000,2445,1,1,1
1350,0,50,181,4,369,544,2287,1,1,1
1117,0,31,146,7,1258,1627,2003,0,7,2
641,0,7,192,3,417,759,3595,1,5,2
1002,0,35,83,4,1345,1416,1726,1,5,1
1408,10,45,89,14,613,1088,3952,0,6,3
1900,1,41,190,6,912,1596,850,1,1,1
726,0,43,101,0,666,760,1446,1,2,0
1544,12,45,113,20,236,857,1300,1,7,1
1454,6,21,160,10,186,1100,719,1,10,0
1230,6,26,123,7,416,676,988,0,5,0
1552,10,53,180,18,430,658,2606,1,6,2
1519,0,32,200,10,168,1239,2912,1,10,2
723,4,30,102,7,1467,1901,2339,0,9,2
1191,2,13,169,7,179,1813,1028,1,6,0
1168,9,61,90,10,159,1578,3173,0,4,3
1229,15,14,191,16,120,1878,1667,0,6,1
1758,11,13,190,14,762,1864,1897,1,2,2
1290,0,3,143,4,600,1109,1214,0,8,1
574,16,38,90,17,286,1171,3269,0,7,2
1271,12,32,113,15,1350,1949,445,0,14,0
1170,4,30,83,15,27,1722,1073,1,4,0
1269,14,52,118,15,1597,1920,665,0,5,1
1288,15,50,121,20,1177,1809,3129,0,6,3
1366,0,34,150,9,402,964,3501,1,11,3
1572,7,8,169,8,577,1237,3461,1,3,3
1627,9,32,180,16,52,1082,3206,1,6,3
1701,13,46,115,15,364,828,3717,1,0,3
1900,0,55,171,1,934,1241,3917,1,5,3
1974,4,24,80,13,250,545,861,1,4,0
1197,9,20,129,10,214,1710,2885,1,7,2
587,4,6,170,16,612,1793,2777,1,2,2
934,7,24,112,12,1111,1463,1017,0,7,0
1195,1,23,82,9,163,1100,980,1,9,0
1853,2,23,92,15,202,1951,2775,1,4,3
1164,4,19,95,18,729,1704,3309,1,3,3
1512,8,18,88,17,1079,1897,3607,1,10,3
1232,1,24,169,17,361,809,1257,1,10,0
1813,0,5,198,8,338,1306,759,1,3,0
739,2,58,88,4,1052,1536,475,1,6,0
704,8,29,80,10,1108,1509,1122,1,3,0
1663,0,40,147,15,951,1545,1336,1,5,1
1966,2,40,185,18,1197,1987,1185,0,2,2
1219,0,17,196,4,473,1022,705,0,3,0
612,6,35,181,12,1294,1337,3169,0,9,2
1658,0,39,182,5,410,522,3483,1,1,3
1263,12,64,175,18,178,1883,1183,0,3,1
1395,0,55,118,1,782,1787,3373,1,2,3
621,0,54,151,20,434,910,2801,1,1,2
652,1,58,142,2,464,781,565,0,12,0
1175,10,25,145,12,137,1501,3153,1,4,2
561,0,11,163,10,492,1176,3421,1,2,2
1137,6,3,173,7,1250,1285,316,1,14,0
1835,4,11,193,13,385,583,448,1,17,0
1170,2,40,169,5,427,684,2366,1,8,1
1595,0,44,85,20,1024,1838,3881,1,10,3
1719,0,12,122,7,240,904,462,0,3,0
1770,0,7,128,6,886,1552,1480,1,1,1
1312,0,28,163,0,1233,1854,1087,1,16,1
1878,5,56,139,13,183,559,2711,1,2,2
1871,7,20,81,14,88,1682,2144,1,12,2
922,1,35,188,15,1016,1383,1165,1,6,0
1975,6,16,128,11,80,655,2998,1,4,2
1212,1,46,102,8,611,1715,2249,1,3,2
1430,3,56,179,5,569,906,752,0,8,0
1958,0,4,190,3,304,637,1409,0,5,1
1836,0,30,184,15,276,1230,3072,1,3,3
557,0,24,125,0,1131,1315,1305,1,8,0
539,9,21,145,14,551,599,3597,0,5,2
880,1,44,172,15,436,1302,3132,0,7,2
1369,6,34,162,7,553,727,3856,0,4,3
1109,1,39,98,9,1391,1787,1524,1,10,1
843,0,16,166,6,981,1096,3673,1,1,3
598,7,21,196,10,680,1173,3293,1,4,2
972,1,5,126,2,687,816,3035,1,7,2
1944,5,36,197,18,1060,1970,584,1,14,1
1225,0,2,138,1,217,1101,2675,1,11,2
644,7,30,114,16,1140,1654,2382,1,0,2
1919,5,48,150,6,304,1191,1391,1,13,1
501,12,54,131,19,504,1089,2346,1,12,1
1620,0,30,185,3,832,1033,606,1,0,0
1227,0,34,130,3,935,1781,1324,0,3,1
1359,1,58,107,3,446,901,1076,1,8,0
1914,1,35,118,2,942,1701,643,1,1,1
1645,1,21,123,2,897,1308,783,1,8,0
1063,0,26,101,2,1208,1232,3809,1,16,3
946,0,19,154,0,159,630,2104,1,4,1
1231,5,54,185,10,632,1184,1762,1,3,1
1397,13,9,87,18,1308,1991,3137,1,1,3
701,7,15,160,11,1002,1256,1756,1,3,1
570,2,9,111,5,1331,1917,3663,0,10,3
1993,10,27,147,11,150,510,2437,1,0,2
955,4,43,143,8,1248,1511,1432,1,9,1
924,0,47,167,6,108,1813,1620,1,15,1
600,0,14,112,2,320,747,1655,0,0,0
518,0,3,178,1,437,1947,2832,1,0,2
1063,0,31,95,10,295,935,961,1,6,0
920,2,46,149,3,1058,1421,2608,0,0,2
1715,4,3,171,6,79,1652,514,1,4,0
1841,6,14,167,8,593,672,2304,0,1,2
543,4,60,132,7,693,1031,933,1,0,0
1762,13,25,189,14,300,527,1896,1,10,1
1112,1,53,121,16,234,739,3655,1,3,3
709,0,35,136,0,1545,1596,1973,0,9,1
1315,7,64,128,16,59,575,3278,0,3,2
1762,10,15,107,11,1103,1364,2183,1,3,2
1462,1,25,182,18,91,1478,824,1,5,0
571,8,35,186,20,177,1282,2598,1,5,1
666,7,54,81,13,58,1353,1254,1,9,0
1994,2,7,146,7,447,1435,3622,1,0,3
1583,11,14,148,16,942,1651,1704,1,13,2
1778,3,45,132,17,88,516,1624,1,13,1
1926,13,50,179,17,371,1000,3809,1,12,3
966,9,50,117,10,1446,1754,2574,1,1,2
568,1,36,179,4,181,1703,950,1,9,0
1897,1,21,192,2,1311,1935,273,1,6,0
1695,6,46,200,9,1791,1898,446,1,13,1
1623,6,61,120,12,1568,1832,1510,1,10,2
914,0,26,147,0,706,721,1122,1,9,0
1721,4,33,128,5,871,1048,707,1,2,0
890,4,44,198,13,1074,1873,751,0,3,0
600,1,48,191,7,501,1465,3393,1,7,2
1677,4,11,124,8,271,1477,3771,1,6,3
723,0,3,168,3,920,1748,1851,1,3,1
638,11,27,102,17,1171,1383,2735,1,2,2
852,4,62,104,13,293,1159,2253,1,4,1
1979,0,32,165,1,833,1630,452,0,6,0
710,6,32,151,9,485,857,1419,0,11,0
1034,2,45,190,4,182,1293,969,1,1,0
600,8,22,145,11,207,1162,3441,1,1,2
1027,2,64,103,7,1698,1747,3786,1,12,3
1260,5,13,106,6,165,736,2710,1,1,2
1793,10,12,169,17,1086,1418,3533,1,14,3
675,10,60,144,15,192,757,1735,1,0,0
658,0,12,103,3,1156,1750,3587,1,11,3
1694,0,34,102,7,377,549,2298,1,5,2
804,12,41,89,13,709,818,2027,1,5,1
1713,1,27,127,3,729,974,2406,1,10,2
706,13,31,108,19,543,938,2419,1,7,1
1362,3,25,131,9,553,1505,995,0,6,0
1527,10,60,154,14,526,1116,2078,1,3,2
768,0,19,159,1,637,991,1145,0,1,0
1314,8,41,155,12,113,577,626,1,4,0
705,5,57,155,9,1114,1374,1509,1,11,1
1403,2,26,164,3,461,1251,3371,1,9,3
1486,7,52,85,15,1430,1747,297,0,1,0
781,2,38,198,7,304,1674,3508,0,8,3
986,1,23,183,3,471,800,2385,1,9,1
1310,0,33,105,14,806,1016,1301,0,12,1
560,6,57,81,12,80,1327,2167,1,10,1
1348,0,43,116,6,204,501,3914,1,3,3
1567,3,22,119,6,545,1621,2312,1,1,2
1940,4,17,93,7,112,858,2297,0,6,2
1979,0,19,176,9,1331,1532,411,1,2,0
561,7,2,193,13,1055,1294,665,1,0,0
1717,1,62,130,3,609,810,3226,0,4,3
535,1,48,113,4,290,811,740,1,10,0
1413,4,39,185,12,1039,1318,3878,1,16,3
1358,0,20,135,0,1485,1655,3406,0,1,3
1519,2,30,112,8,1122,1702,2440,1,5,2
1254,2,50,108,6,462,1013,3959,1,4,3
1591,3,49,154,7,1384,1883,3703,1,6,3
977,2,35,165,15,1502,1862,3714,0,3,3
1640,10,21,169,14,589,1301,337,1,3,0
663,0,25,183,1,82,1605,3176,1,2,2
1744,1,20,112,3,68,718,1205,1,7,1
1624,8,28,150,10,689,699,2473,1,11,2
1108,14,2,169,20,208,1742,1229,1,3,0
1188,0,9,114,0,1339,1558,2896,1,11,3
817,0,11,144,11,722,766,2039,0,6,1
863,5,6,133,13,717,1799,520,1,2,0
1397,5,3,121,15,433,1658,1378,1,15,1
1108,3,49,140,12,1298,1666,3254,1,0,3
1068,1,37,184,13,186,1998,1803,1,4,1
1702,12,52,145,15,1397,1491,2501,1,12,3
808,0,8,192,1,618,1891,3762,1,9,3
1156,6,61,89,9,1214,1262,1796,0,6,1
1271,2,54,159,3,613,650,990,0,11,0
696,6,51,197,8,649,907,2630,0,8,1
1981,13,45,175,18,193,1234,1380,0,1,1
614,0,58,128,2,22,519,3487,1,6,2
1590,0,7,122,17,1464,1595,1201,1,3,1
1945,4,21,113,10,280,895,3015,0,1,3
1135,9,43,158,11,690,1589,3204,1,13,3
1049,8,2,172,10,39,1564,433,1,7,0
1807,2,49,125,10,337,1384,1906,0,13,2
984,13,42,98,17,1036,1611,898,1,8,0
720,0,61,96,8,1347,1733,2799,1,3,3
1536,12,13,105,20,22,1634,2020,1,0,2
771,3,25,86,6,327,922,770,0,1,0
503,3,57,185,11,778,1291,305,0,8,0
675,1,42,187,2,482,874,2953,1,5,2
1936,13,34,182,14,591,1089,1671,1,1,1
1303,0,15,138,10,229,1604,2574,1,4,2
1004,0,35,141,9,901,1162,3772,0,8,3
1972,0,37,102,1,715,1648,2870,0,0,3
1822,0,8,195,0,172,910,2577,1,5,2
1159,5,18,83,7,681,723,2246,1,1,1
1782,6,58,157,13,867,999,2405,1,0,2
894,16,16,168,20,286,1300,3377,1,1,2
1884,7,43,185,18,451,819,3619,1,8,3
1648,1,17,142,3,1119,1238,1184,1,2,1
798,5,4,96,9,526,643,2965,1,7,2
802,1,45,157,9,1299,1633,3713,0,3,3
1276,2,53,130,3,217,735,3798,1,10,3
1331,0,16,165,7,1109,1226,1026,1,5,1
1620,6,5,186,18,434,1339,1086,1,14,1
1996,5,51,122,9,671,1445,2236,1,7,2
1092,8,45,185,10,1404,1424,1303,0,3,1
1018,7,63,155,18,856,883,3048,0,3,2
545,0,11,131,1,381,1452,616,1,6,0
554,0,12,105,10,85,806,3764,0,7,2
1264,2,34,171,3,562,849,419,1,4,0
1030,3,58,138,20,1111,1812,2858,1,2,3
1432,6,39,164,18,209,947,504,1,4,0
558,1,49,142,4,997,1605,392,1,5,0
829,0,56,129,1,91,1916,820,1,6,0
1741,0,14,143,0,730,1895,3387,1,3,3
1849,7,15,144,19,606,1123,3447,1,11,3
733,5,7,174,10,445,1409,1403,1,8,0
1872,0,16,80,2,286,1484,2295,0,11,2
1853,1,27,197,13,985,1005,1973,1,2,2
1149,4,30,106,5,1617,1675,3755,1,14,3
891,9,25,196,19,375,1724,2073,1,1,1
1911,7,64,163,8,1795,1958,3872,1,8,3
550,16,23,145,17,486,1930,302,1,5,0
576,0,27,121,4,757,1518,1519,1,6,1
1760,1,50,198,2,273,1704,2549,1,8,2
969,0,45,124,0,491,589,404,1,5,0
1160,1,63,166,2,762,859,595,1,4,0
827,2,18,160,16,448,821,1663,1,0,0
1786,9,58,161,10,231,1671,2764,1,3,3
774,2,8,136,4,1713,1865,2614,1,0,2
819,0,11,83,1,438,822,1094,1,5,0
1042,15,11,139,16,68,1018,2826,1,0,2
1368,10,50,97,18,698,829,2496,0,6,2
1592,6,50,181,17,510,522,2103,1,8,1
1067,11,14,146,15,965,1009,966,0,0,0
1892,5,47,110,10,1399,1564,2172,1,14,2
915,6,56,187,17,532,1448,905,0,10,0
774,7,55,124,18,8,896,3916,1,1,3
1848,2,42,179,10,154,605,3902,1,9,3
1501,12,2,187,15,198,1056,2487,1,12,2
1614,8,55,188,17,860,1330,3914,1,13,3
911,0,46,181,1,461,670,363,0,5,0
1520,1,24,199,8,109,1909,3233,1,3,3
1647,3,38,102,15,193,1185,2532,1,14,2
1347,8,53,108,15,961,1008,3836,1,3,3
967,4,25,92,9,243,1642,3076,0,4,2
1442,0,56,145,3,1626,1668,1513,1,8,2
1204,0,10,199,3,480,1482,1724,1,2,1
1320,0,41,144,2,123,1229,542,1,1,0
1800,2,8,100,6,400,823,3481,1,8,3
1567,3,22,153,19,190,1326,3991,1,2,3
1439,12,20,147,17,626,932,1790,1,12,1
1422,15,3,112,17,1,926,509,1,1,0
1591,4,52,161,16,548,1641,282,1,9,0
880,2,6,198,19,632,660,3006,1,4,2
1929,0,19,163,2,349,1051,1913,1,7,1
1642,0,5,102,2,1686,1889,1333,0,0,2
1511,3,21,114,18,1455,1982,3746,1,0,3
1312,5,10,163,9,95,893,3941,1,2,3
1852,4,10,196,18,580,1163,3970,1,1,3
972,8,44,82,10,297,589,3925,0,6,3
691,4,33,108,8,951,962,424,1,3,0
807,9,8,158,20,667,697,1284,0,13,0
1113,0,25,145,10,1047,1312,277,1,2,0
721,10,16,125,18,408,1862,1713,0,3,1
1188,0,54,198,2,1150,1469,485,0,7,0
1512,1,52,131,14,333,952,3002,0,5,2
805,0,64,97,14,641,704,418,0,6,0
918,1,8,123,5,653,671,1652,1,4,1
1320,7,48,168,16,103,1583,2893,0,5,2
1236,2,57,188,14,517,809,1406,1,12,0
1387,0,61,98,0,785,1151,629,1,3,0
1883,6,30,95,10,531,791,3724,1,15,3
839,0,14,175,3,564,1391,3835,1,8,3
1593,0,52,130,0,761,1336,1354,1,13,1
1722,7,25,88,19,1179,1638,2376,0,1,3
1954,8,7,126,9,673,690,3438,1,12,3
1788,15,2,150,20,472,1073,2655,1,2,2
1628,5,33,101,8,412,643,3361,1,10,3
1965,6,4,84,9,977,1660,3535,1,0,3
833,4,27,124,6,359,1395,2150,0,5,1
571,1,43,141,8,224,783,2587,1,5,1
1808,1,31,92,16,714,1208,2736,0,1,3
1860,2,55,83,3,195,799,676,1,0,0
1368,4,9,115,7,843,1145,2941,0,12,3
1161,0,21,126,12,308,1169,3336,1,4,3
1224,9,33,157,18,522,563,3796,1,5,3
902,0,63,122,14,364,1360,3654,0,8,3
787,15,11,93,16,806,1423,2934,1,6,2
854,2,30,125,5,518,1152,2889,0,2,2
1184,1,48,191,6,519,1577,3315,1,7,3
1973,5,39,152,6,792,1181,1993,1,0,2
510,3,35,120,6,382,1228,2509,0,2,1
966,8,34,118,10,214,1523,3534,1,17,3
1438,3,16,169,7,859,867,2246,0,11,2
1986,7,51,95,9,342,774,3165,1,0,3
1907,13,55,105,15,713,1513,286,1,4,0
1489,8,32,200,16,172,812,776,0,6,0
1843,13,16,134,18,118,580,3213,1,14,3
825,11,38,94,18,540,783,716,0,4,0
1286,10,16,98,18,18,662,424,1,5,0
840,0,63,137,19,987,1081,3486,1,8,3
757,5,58,163,7,535,697,3237,1,12,2
814,2,41,177,10,1092,1406,1944,1,6,1
1195,2,8,80,6,327,1001,643,1,2,0
767,7,10,107,12,517,1995,2317,1,0,2
1068,6,52,97,7,994,1500,1436,1,1,1
994,0,56,173,3,491,530,3190,1,2,2
1550,6,21,133,11,268,832,2338,0,1,2
1878,9,29,85,19,210,1026,1334,0,7,1
623,2,6,127,4,144,672,3657,1,3,2
1829,0,15,160,7,729,1267,2080,1,11,2
525,11,35,190,20,82,670,1609,0,11,0
1065,0,14,89,2,188,928,3078,1,1,2
1425,9,35,127,14,150,1897,590,1,2,0
1296,3,11,129,4,1222,1382,2552,1,8,2
642,3,34,197,15,331,1011,3355,0,5,2
1664,9,15,177,19,1178,1929,1968,1,7,2
1498,3,8,170,4,347,1076,3358,1,3,3
981,0,2,136,7,75,688,1539,0,12,0
1236,6,32,143,18,492,1403,942,1,12,0
1673,7,9,187,10,65,734,3669,1,1,3
712,6,9,172,14,881,1234,3612,1,5,3
569,10,4,170,19,351,1159,2351,1,7,1
603,0,64,156,0,1842,1968,604,1,4,0
1332,2,11,187,4,758,1165,1285,1,0,1
1413,0,13,128,0,1323,1481,515,1,0,0
1064,1,34,184,13,1175,1569,654,1,13,0
1444,2,48,82,17,1092,1554,2540,1,2,3
1366,5,53,161,9,647,1876,3869,1,5,3
906,7,18,136,11,1102,1793,3412,1,8,3
1554,3,47,185,12,319,1367,509,1,3,0
1187,0,21,122,6,215,1125,2547,1,3,2
1156,1,30,173,16,945,1913,2735,1,15,2
1918,1,22,139,5,381,1203,1369,0,6,1
841,8,39,199,13,546,828,2942,0,5,2
730,6,6,167,10,1096,1155,2812,0,1,2
878,13,31,153,18,575,618,3497,1,7,2
1059,0,50,182,1,519,1545,619,0,3,0
1578,8,3,200,20,342,670,3483,1,4,3
1829,0,36,112,1,291,563,1475,0,4,1
1132,0,8,157,4,1091,1293,1950,0,2,1
1652,4,40,198,6,352,1084,3592,1,6,3
912,0,58,107,1,165,1723,3573,1,3,3
1181,12,61,116,16,385,831,2020,1,0,1
1497,5,32,92,9,1920,1933,1329,1,1,2
1790,3,49,100,11,396,1980,3568,1,2,3
1742,3,49,100,9,1134,1469,1947,1,4,2
1549,4,8,158,7,721,1514,1998,1,7,2
1372,7,34,193,17,687,937,725,1,3,0
1112,0,12,190,6,777,1119,3302,1,0,3
1005,0,46,133,17,176,1556,3884,0,0,3
783,9,27,150,11,458,1263,1185,1,4,0
1698,10,26,105,18,485,1819,1656,1,3,2
899,3,53,192,11,641,1638,2870,1,16,2
1062,3,45,151,4,798,1435,911,0,2,0
989,4,17,166,19,256,1394,3892,1,7,3
1983,6,27,125,11,370,1197,3897,1,10,3
1800,5,53,87,12,191,1108,656,0,10,0
1254,0,45,146,3,1571,1956,606,1,2,1
868,0,30,83,0,276,1026,1653,1,7,1
1205,3,12,175,6,573,614,860,1,1,0
1284,0,10,155,14,160,516,2197,0,2,1
626,2,23,187,9,90,1334,3458,1,5,2
1763,1,53,101,20,138,806,2066,1,9,1
694,15,36,193,20,983,1230,3676,1,8,3
1265,4,49,90,5,275,687,1518,1,11,1
816,4,14,198,13,149,558,1018,1,10,0
904,3,35,168,4,42,507,1360,1,12,0
979,0,5,164,2,793,1670,3449,1,2,3
1531,0,60,162,1,625,765,2524,1,11,2
934,2,30,182,15,521,1190,703,0,8,0
1624,0,58,200,11,1530,1744,1251,0,4,1
874,5,8,185,20,442,1248,582,0,4,0
1027,0,63,102,4,152,714,1732,0,5,1
1966,15,48,144,16,1242,1973,1252,1,4,2
1048,2,29,182,4,29,1670,2146,1,10,1
1496,13,38,126,14,501,506,1927,0,4,1
959,15,13,155,16,87,736,3328,1,9,2
1349,5,55,105,7,648,1019,2462,1,7,2
1689,0,13,168,9,521,674,1172,1,11,0
1558,0,27,146,1,120,1409,3598,1,2,3
582,3,27,168,10,985,1420,2437,1,2,2
1485,3,44,138,14,341,774,3271,1,12,3
1991,11,9,94,12,751,1377,1511,0,8,1
553,2,23,119,3,993,1517,2981,1,3,2
1231,2,7,113,7,43,1663,3119,1,4,3
805,1,34,88,2,1262,1538,3647,1,11,3
764,1,13,152,2,361,511,3148,1,7,2
894,5,54,130,15,104,541,2829,1,5,2
1589,9,46,84,16,618,940,2373,1,9,2
1456,9,39,80,10,815,1666,3998,1,3,3
743,0,33,95,1,1587,1659,316,1,10,0
1061,3,52,109,4,138,1330,999,1,12,0
1428,0,7,153,2,584,983,1808,0,8,1
674,0,8,93,0,750,772,589,1,6,0
832,0,46,93,0,820,1366,3317,1,0,3
1625,2,50,107,17,8,1219,670,1,3,0
907,3,42,151,16,171,507,584,1,9,0
1631,2,13,166,16,960,1735,2173,1,3,2
1584,6,41,135,15,160,1291,1561,0,5,1
1382,7,13,199,18,612,719,2073,1,7,1
633,0,46,102,10,709,1915,1401,1,14,1
1444,9,38,104,16,624,917,3764,0,9,3
852,6,54,147,7,538,730,1275,1,7,0
922,0,47,157,14,1295,1808,1464,1,4,1
1745,4,57,159,16,1164,1908,2885,1,11,3
862,9,6,107,14,829,1977,3458,1,4,3
1754,1,52,101,3,199,1452,3019,1,6,3
1008,3,36,109,14,825,1972,1083,0,4,1
1569,3,33,147,13,519,930,3538,1,1,3
1596,7,7,149,9,169,1190,2493,1,12,2
1807,2,61,134,6,1734,1968,3726,1,5,3
1660,4,7,184,6,76,1165,1531,0,0,1
1861,4,55,148,8,1698,1877,601,1,5,1
648,4,8,91,19,819,1997,2991,0,7,2
1379,1,19,134,17,387,671,3912,0,2,3
1910,0,34,115,0,985,1284,309,0,4,0
1807,0,13,155,0,970,974,323,1,3,0
1923,7,46,191,10,767,1759,1489,1,9,1
1345,7,38,162,11,512,1465,1322,1,2,1
904,5,14,102,9,56,760,1846,1,0,1
1239,5,52,122,10,590,661,417,1,0,0
1330,6,52,84,12,462,1304,3269,1,6,3
516,1,30,138,12,126,698,3731,0,13,2
672,0,54,95,11,578,1143,667,0,8,0
892,0,47,94,18,655,1782,1241,1,3,1
1778,0,23,101,11,1028,1445,3941,1,6,3
1130,4,58,132,14,88,1261,1018,1,1,0
1359,4,59,86,6,1692,1902,3142,0,3,3
1866,3,47,89,9,358,1782,1444,1,4,1
1597,11,34,89,14,64,1667,934,0,10,0
1046,0,58,100,0,259,1040,3863,1,12,3
1035,2,44,99,3,236,1960,3506,1,5,3
1175,2,19,164,9,873,1394,1944,1,4,1
1261,0,11,90,0,858,1591,348,1,9,0
1068,9,51,124,15,1405,1910,550,1,8,0
1713,5,20,104,17,237,890,971,1,10,0
1688,0,21,170,0,650,864,3984,1,14,3
559,10,11,82,14,541,823,2019,1,4,1
1483,13,19,146,19,361,1552,1587,0,4,1
860,13,48,187,18,335,1463,1870,1,2,1
1090,5,27,91,16,1638,1910,1352,0,1,1
686,11,3,91,15,1109,1392,570,0,6,0
818,14,43,177,15,111,510,546,1,6,0
1456,5,49,193,20,1285,1427,3624,1,11,3
774,2,10,188,9,1480,1731,2944,1,6,2
1068,0,19,197,9,322,875,1209,1,12,0
1373,1,29,141,12,1220,1348,2752,1,2,3
1777,3,20,188,5,511,616,3868,0,1,3
594,2,28,132,3,1011,1263,3087,1,4,2
1524,5,57,124,12,629,635,947,0,4,0
511,12,50,175,16,140,622,1484,1,7,0
1402,3,46,87,12,1081,1767,347,1,0,0
965,15,53,131,19,297,653,3227,1,6,2
1270,0,58,104,1,1512,1716,3299,0,4,3
919,11,13,159,15,275,570,1028,1,4,0
1963,16,34,157,17,1136,1813,714,1,2,1
1977,2,31,173,6,1145,1356,2641,0,2,3
1881,4,51,158,7,477,1553,1229,1,0,1
683,5,19,173,17,954,1985,2622,0,3,2
772,7,6,100,10,741,1471,929,0,6,0
536,0,53,135,0,547,705,1211,1,10,0
1694,0,53,186,0,1194,1208,1653,1,5,2
1633,3,33,111,19,146,906,511,1,0,0
1371,4,52,167,19,471,663,3034,0,6,2
551,0,54,172,15,169,1916,1414,1,1,0
1221,1,28,139,7,1895,1976,2438,1,11,3
1000,12,63,179,18,1537,1761,3744,0,1,3
1986,3,64,162,20,236,1520,1377,1,3,1
1119,0,23,164,1,821,915,3520,1,4,3
1699,1,59,97,3,466,1768,3796,0,10,3
1099,13,61,146,20,393,1096,1699,1,10,1
1576,7,58,90,16,400,631,336,1,8,0
950,9,55,156,10,774,843,1095,0,12,0
1081,13,49,99,17,284,519,325,0,1,0
606,1,53,146,2,465,1152,1223,1,12,0
502,7,37,199,12,705,1810,1649,0,1,1
957,0,4,160,0,38,1682,1898,1,4,1
1658,0,38,159,0,51,739,2609,1,11,2
1681,6,18,167,7,850,1005,2265,1,3,2
1983,3,43,87,10,349,676,2775,0,4,2
1753,8,12,113,17,387,1595,1445,1,16,1
1632,0,41,132,1,706,1623,2614,1,4,2
1949,7,57,145,11,951,1178,356,0,3,0
1696,1,13,97,2,179,772,523,0,0,0
688,0,57,131,3,426,1964,3745,0,1,3
1104,1,60,199,13,653,1413,1229,1,0,0
1122,0,28,184,4,1578,1963,1402,0,10,1
504,2,46,172,14,280,1795,2085,1,5,1
1154,12,14,156,14,251,1801,587,1,3,0
1727,2,63,85,8,1463,1992,2457,1,13,3
1674,0,52,89,7,1432,1649,2030,1,0,2
1948,5,18,135,14,477,571,816,1,2,0
1218,3,39,150,14,1122,1746,1667,0,0,1
531,10,63,189,14,145,1903,2958,0,1,2
1057,4,5,154,13,416,1055,3705,1,4,3
576,1,30,162,5,847,893,2800,0,6,2
1960,1,7,165,9,868,877,3773,0,9,3
673,3,22,88,5,594,1088,2050,1,2,1
718,0,21,88,7,518,830,1754,1,11,1
864,3,35,103,7,663,1805,1904,1,8,1
547,1,37,154,4,371,541,2705,1,3,1
623,1,3,102,7,1749,1781,3537,1,13,3
1793,11,27,154,13,586,722,1370,1,3,1
1720,0,19,137,3,409,646,1222,0,2,1
812,1,64,106,7,35,1309,3102,0,0,2
980,0,33,160,0,1008,1758,2268,1,5,2
643,9,18,187,12,442,1079,2648,1,5,1
1925,0,16,175,11,983,1087,2173,1,3,2
1408,3,32,151,6,875,982,3162,1,18,3
1522,4,28,124,5,952,1191,1368,1,5,1
587,16,51,111,17,244,1361,2746,1,4,2
1959,5,18,191,20,65,1055,619,1,4,0
1872,3,17,89,6,1749,1767,724,1,3,1
1043,7,42,111,8,716,1626,912,0,9,0
1809,6,23,123,19,433,1661,2784,1,6,3
1703,5,23,92,7,134,521,793,1,3,0
1095,4,45,197,5,179,1247,560,1,1,0
1414,1,27,137,20,804,1564,312,0,2,0
1659,2,41,88,18,787,1515,545,0,0,0
1540,1,60,197,12,704,822,1591,1,0,1
1342,0,31,86,1,991,1638,2746,1,5,3
1189,13,8,198,14,379,932,893,1,6,0
518,0,62,128,0,489,710,2514,1,12,1
1449,3,10,144,12,1518,1883,1032,1,0,1
516,0,39,91,7,855,1401,819,1,0,0
1569,8,59,111,16,1261,1383,3672,1,2,3
1312,0,24,156,0,115,1791,3833,0,13,3
1893,1,23,179,3,1203,1432,1482,0,7,2
1076,3,14,105,4,545,1300,2043,0,5,1
530,1,40,118,2,818,1090,1229,0,11,0
1044,7,33,129,13,42,1262,1816,1,16,1
1330,11,37,126,20,1103,1637,2166,1,1,2
1836,0,14,104,1,168,1068,2469,1,6,2
1741,1,55,140,3,719,755,2575,1,10,2
1869,0,30,152,13,163,874,1375,1,3,1
1331,8,55,146,15,1162,1531,1732,1,2,1
1655,6,4,105,12,626,1348,673,1,3,0
605,9,18,162,14,329,656,2301,1,9,1
1245,2,30,105,3,330,1434,2676,1,8,2
1709,8,58,136,10,956,1292,1781,1,3,2
846,0,58,123,15,1140,1983,2248,1,8,2
1403,3,62,90,13,217,1623,921,1,13,0
688,0,2,89,2,271,869,391,1,2,0
775,1,10,185,14,444,1555,1719,1,3,1
1154,6,35,159,16,1003,1827,3262,1,15,3
1375,2,35,194,3,227,772,1947,1,13,1
1827,4,61,130,9,253,1764,2693,0,3,3
1697,0,60,90,0,88,1046,441,1,1,0
741,1,14,178,13,334,594,1886,1,11,0
1672,13,32,174,20,1281,1896,1267,1,4,1
514,4,57,186,7,168,1320,687,1,0,0
1375,2,12,105,13,898,1687,2890,0,1,3
989,4,55,124,12,46,1069,1737,1,5,1
1510,11,47,138,13,118,1170,887,0,6,0
1266,1,18,86,2,1187,1595,398,1,8,0
1396,0,46,138,1,1191,1347,2389,0,3,2
808,3,45,161,9,526,1324,3431,0,6,3
1542,1,43,182,11,346,966,3601,0,4,3
745,5,35,102,10,89,1538,2459,1,1,1
1735,0,59,148,0,137,846,3230,1,1,3
586,1,57,188,5,1226,1389,3646,1,4,3
1341,0,36,107,1,473,574,2200,0,14,1
781,1,64,88,7,368,607,3862,0,10,3
501,14,22,174,20,239,1636,3077,0,3,2
1224,2,44,139,9,622,709,621,1,4,0
1970,11,58,80,19,654,882,2372,1,12,2
618,0,63,138,1,853,1781,2574,1,3,2
1537,11,46,158,17,686,1305,2857,1,14,3
1018,8,16,153,10,992,1433,3143,0,12,3
1545,15,35,173,20,115,1352,3197,1,9,3
1871,4,41,144,5,275,1966,2727,1,8,3
1729,1,12,186,6,461,1178,1519,1,4,1
680,9,9,131,11,1428,1500,2438,1,2,2
1106,4,54,107,9,614,1212,2674,1,3,2
635,1,50,97,13,193,989,2107,1,12,1
618,8,16,143,14,1105,1602,2262,0,15,2
1671,13,5,179,18,398,1263,815,1,6,0
1562,0,52,105,9,480,728,2829,1,10,2
1975,2,31,151,17,775,1607,3022,0,5,3
831,2,62,134,9,1482,1490,2573,1,12,2
1524,0,10,174,1,154,550,2678,1,5,2
1528,3,55,129,6,454,1762,1282,1,9,1
1447,2,9,155,16,737,1455,568,0,11,0
1344,1,14,190,3,419,556,2074,1,1,1
564,1,8,130,3,853,1737,2227,1,2,1
921,1,60,83,3,1211,1229,1080,0,0,0
1413,2,10,200,6,314,1606,2867,0,4,2
831,10,55,86,12,172,1239,1075,1,11,0
802,3,43,153,6,527,734,3063,0,13,2
1923,3,24,86,4,874,1264,2479,1,2,2
1193,10,56,196,17,674,864,2394,1,11,2
904,10,31,112,11,657,1014,2814,1,3,2
1285,1,51,140,2,475,500,2094,1,0,1
1635,0,2,182,0,1209,1411,2315,1,1,2
1923,5,14,154,6,15,525,2519,1,0,2
1851,3,12,198,11,293,1967,735,1,6,0
727,0,32,131,1,813,1377,1891,1,13,1
1396,0,44,118,1,173,1843,1386,1,1,1
877,9,46,135,14,457,652,3260,1,12,2
696,11,35,103,13,533,797,2022,1,11,1
1009,2,2,102,14,912,1043,1716,0,5,1
1526,2,38,116,6,798,1418,3317,1,1,3
987,1,20,192,3,412,565,1454,1,3,0
1414,0,49,101,1,130,887,2290,1,0,1
1732,2,61,172,3,201,656,3940,0,11,3
1587,0,50,148,15,299,874,461,1,4,0
1097,10,21,160,15,1277,1352,2219,1,6,2
504,0,40,178,0,626,1195,470,1,0,0
1159,13,28,80,18,378,751,2495,1,0,2
1910,0,29,146,2,333,639,2944,1,7,2
865,8,59,159,9,805,1804,2361,1,11,2
1930,11,16,186,12,1901,1920,1783,0,3,2
860,8,40,170,13,1573,1581,2832,1,7,2
1268,9,42,182,17,360,912,931,1,5,0
999,0,27,167,1,20,745,1344,1,10,0
622,0,9,127,0,98,511,3916,1,1,2
1250,8,44,182,20,703,1011,1882,0,1,1
763,9,51,104,12,273,1278,2865,1,6,2
1100,12,15,112,14,919,1344,757,1,2,0
815,4,51,85,12,982,1291,3469,1,4,3
618,2,57,88,7,879,896,2399,1,15,1
553,0,18,136,1,1287,1892,3300,1,10,3
673,2,3,84,9,1109,1247,2719,1,2,2
563,3,47,115,12,211,684,3012,1,4,2
1590,12,14,187,15,1058,1109,2836,1,5,3
1031,2,11,121,9,532,1247,2385,1,7,2
909,9,30,97,10,290,773,594,1,0,0
1880,0,7,104,1,890,1019,2968,1,0,3
1479,0,24,146,0,327,645,3762,1,10,3
1271,0,2,161,1,1260,1788,892,0,13,1
709,11,13,81,15,570,1422,467,1,11,0
1744,0,62,158,0,621,1558,345,1,6,0
1314,0,40,116,1,328,1858,3033,1,8,3
1136,0,9,150,2,1307,1767,2110,1,5,2
1039,11,56,125,13,497,618,3105,0,8,2
1300,5,62,156,7,219,1037,874,1,3,0
732,7,39,188,11,1163,1554,3681,1,3,3
511,1,52,180,10,24,759,3865,1,3,2
1092,10,11,167,14,468,571,737,0,4,0
921,12,10,170,18,1272,1469,3153,1,2,3
1030,4,37,147,8,503,551,2800,1,6,2
1130,0,27,101,8,1495,1579,315,1,5,0
1299,2,60,187,6,1333,1838,1412,0,1,1
1009,7,2,115,15,267,1841,2286,1,8,2
1735,16,34,140,17,149,876,2392,1,15,2
1129,0,49,185,2,1070,1079,1857,1,4,1
708,0,26,116,1,206,620,1419,1,6,0
894,2,58,123,3,158,747,3305,1,7,2
530,1,32,88,20,48,1012,959,0,7,0
1481,0,35,105,0,249,522,2635,1,16,2
1068,0,45,194,1,935,1499,1754,1,7,1
1487,6,57,84,12,140,768,2563,1,4,2
1524,11,41,96,20,184,740,1936,1,0,1
1093,2,22,196,14,238,807,1869,1,5,1
1816,0,50,186,2,800,1089,3637,0,7,3
627,2,20,142,8,211,507,896,0,6,0
989,13,51,132,15,670,804,2349,1,1,1
1895,2,5,134,11,725,1335,774,1,4,1
805,0,58,168,10,81,1544,3397,1,6,2
713,7,2,181,9,1211,1378,485,1,6,0
864,10,24,148,15,1362,1378,3964,1,8,3
1177,1,11,181,7,945,1923,1887,1,5,1
582,8,32,107,11,1043,1702,2977,0,1,2
1898,3,56,185,4,444,739,2114,1,5,2
1158,1,29,123,20,311,1796,1542,1,9,1
1451,5,57,181,12,812,1456,3038,1,7,3
1820,5,51,163,10,202,1884,2481,0,9,2
984,3,9,140,20,531,707,841,1,15,0
580,0,24,135,5,404,898,3565,1,11,2
1263,0,5,146,3,954,1609,1958,1,6,2
1237,2,27,87,5,274,603,2454,1,0,2
514,7,37,172,9,956,1723,3392,1,8,3
1515,0,56,184,1,1438,1593,262,1,4,0
721,6,6,194,9,1446,1988,530,1,4,0
603,3,35,126,16,692,1057,3703,0,1,3
1426,2,55,109,7,777,1032,2562,1,1,2
1820,0,64,161,3,1157,1951,574,1,2,1
1215,4,16,130,8,454,1473,2632,0,1,2
697,5,20,173,6,478,1477,259,1,6,0
717,4,10,198,5,217,1106,688,0,7,0
1348,5,36,145,6,468,741,2554,0,1,2
1164,0,61,88,6,1107,1656,3859,0,10,3
578,9,62,170,13,626,1134,2977,1,12,2
1971,0,40,186,19,485,922,571,1,7,0
1794,5,55,86,7,43,627,402,1,7,0
1558,2,32,114,3,322,1385,878,1,5,0
1597,4,4,85,19,880,1145,2130,1,3,2
1240,0,39,146,9,1511,1756,3260,0,1,3
1994,2,7,88,4,667,711,454,1,8,0
1221,7,35,152,19,765,1899,2638,1,16,2
989,11,24,156,17,614,679,2819,1,13,2
1180,5,50,144,20,925,1252,1464,1,3,1
718,10,59,113,13,1185,1387,1824,1,9,1
1670,0,47,139,15,1706,1886,876,1,0,1
534,1,21,164,9,347,1477,2706,1,5,2
1566,0,20,126,0,1603,1930,659,1,9,1
1935,0,29,124,9,806,860,455,1,2,0
504,2,54,163,10,1207,1539,2378,1,11,2
913,1,41,103,14,431,1144,2278,1,3,1
1317,2,43,113,3,179,613,3436,0,13,3
917,1,31,88,2,423,909,3424,1,2,3
712,1,49,99,3,1131,1743,401,1,0,0
1083,6,52,126,20,925,1469,681,1,18,0
1039,5,6,136,8,62,544,3212,1,7,2
1747,4,13,185,12,800,873,3105,1,1,3
1449,0,52,105,0,211,947,2036,0,1,1
1872,14,49,139,18,81,1389,3153,1,15,3
1796,5,7,101,6,667,798,1642,0,4,1
1097,0,60,181,17,405,519,509,1,12,0
1562,1,20,172,10,678,1676,3465,1,11,3
1433,8,27,153,12,1619,1651,3900,1,16,3
740,1,12,123,11,935,1147,1105,0,6,0
676,1,39,84,5,864,1011,2064,1,7,1
503,1,13,131,4,1495,1688,3117,1,6,3
1020,13,7,96,18,870,1613,1142,1,9,1
896,3,4,111,4,1379,1469,1060,1,10,1
1824,4,19,143,5,1055,1738,2381,1,1,2
1512,1,54,134,2,220,1838,3366,1,3,3
1053,7,42,126,17,419,1261,1339,0,0,0
1944,0,31,87,10,1111,1362,2560,1,3,3
1174,1,25,91,8,1097,1461,285,1,7,0
627,3,12,131,17,447,819,2476,1,1,1
1602,4,46,118,5,273,1062,1862,1,9,1
1733,4,6,170,15,590,997,3488,1,4,3
586,10,8,142,14,116,598,3178,1,7,2
1528,2,37,156,3,306,564,733,1,0,0
875,2,23,110,7,300,1316,756,0,5,0
1602,12,58,170,13,1259,1746,3622,0,2,3
1426,4,12,174,16,1573,1694,1277,1,9,1
1370,5,6,158,8,1392,1783,3703,1,10,3
609,4,10,81,6,113,1524,1905,1,3,1
840,5,15,178,8,526,1728,2636,1,2,2
991,2,12,158,6,1209,1678,2014,1,9,2
1724,0,9,100,1,655,828,3056,1,16,3
584,0,19,168,0,1123,1622,465,1,8,0
860,1,49,141,13,692,979,3869,1,14,3
1541,10,28,165,15,796,1052,1108,1,1,1
615,7,58,130,8,1021,1958,1906,1,5,1
912,6,46,84,11,995,1310,851,1,4,0
1278,10,60,172,14,1244,1504,3142,1,4,3
1365,0,31,125,0,293,970,1300,1,7,0
1702,7,36,177,9,1240,1931,1430,0,6,2
589,1,59,146,4,759,1858,362,1,10,0
1347,10,56,95,19,398,1528,2456,1,0,2
1644,0,44,137,0,358,791,2360,1,4,2
956,1,42,133,11,403,1614,3700,1,0,3
1089,10,2,153,20,211,1409,2620,1,5,2
871,2,52,178,3,194,1437,437,1,7,0
664,5,6,164,19,1076,1472,3774,1,5,3
1874,1,19,192,9,1238,1418,1218,0,10,1
1928,5,5,162,16,229,1004,696,1,12,0
888,2,33,198,17,327,1683,3407,1,1,3
1077,1,58,86,13,135,1892,3902,1,3,3
1023,5,30,80,7,5,1744,2086,1,0,1
1426,2,42,84,10,715,1163,1356,1,9,1
831,7,26,177,11,511,621,1704,1,5,0
1496,0,6,85,9,549,1383,3571,1,1,3
1433,2,5,129,11,420,784,2132,1,15,1
1095,0,44,103,5,838,1066,3209,1,11,3
643,3,23,156,9,314,1400,2096,1,6,1
1142,0,6,198,0,739,1766,1273,1,0,1
730,3,27,112,10,62,846,3623,1,4,2
1901,5,41,131,17,3,1662,368,1,1,0
1510,1,32,135,8,963,1520,854,1,2,1
1924,0,59,136,0,1438,1923,3646,1,9,3
1825,13,17,157,18,1621,1773,3130,1,4,3
1275,3,5,152,9,19,501,3784,1,4,3
987,9,17,124,17,887,1274,3885,1,0,3
1538,6,13,121,7,567,986,1494,1,10,1
1965,4,29,149,13,584,676,2973,1,1,3
808,7,20,185,14,496,974,1471,0,4,0
712,6,27,86,11,1245,1309,2001,1,10,1
1507,0,42,123,0,682,888,1486,1,3,1
912,3,47,182,6,724,794,1321,0,2,0
769,2,17,95,4,1384,1454,1877,0,2,1
948,14,22,173,20,257,1654,3499,1,7,3
507,0,39,142,0,17,1084,2124,1,0,1
1384,15,60,82,18,983,1210,1221,1,12,1
1766,1,29,194,20,439,1306,2316,0,2,2
1407,5,16,170,6,925,1206,1068,1,0,1
614,3,24,94,7,409,603,1930,1,12,1
1972,9,14,196,18,293,952,1316,1,1,1
1039,8,47,130,9,384,1878,1742,1,12,1
511,5,34,125,13,149,1285,3265,1,7,2
1811,4,5,98,16,447,568,2700,1,7,2
1159,3,36,104,8,717,1206,2115,0,7,2
1848,7,12,178,19,195,533,3915,0,7,3
1988,0,16,94,1,153,696,3144,1,2,3
1469,3,58,150,8,1699,1850,1571,1,16,2
1423,12,44,131,13,501,640,2253,0,8,1
1974,9,10,145,12,530,1496,1433,0,1,1
835,2,42,128,18,396,1378,2583,1,2,2
1429,8,42,151,9,670,1552,1817,1,1,1
947,1,51,144,15,193,887,2915,1,1,2
1446,0,18,178,1,351,1769,3340,1,0,3
1332,5,7,168,19,846,855,2790,1,11,2
1498,0,14,191,1,111,1167,577,1,12,0
1576,0,14,173,4,1213,1386,3220,1,2,3
1398,8,26,150,12,755,1284,3488,1,3,3
1885,12,14,92,15,1406,1517,1277,1,6,1
798,7,2,148,15,497,627,3593,0,9,2
1436,0,42,124,1,1826,1836,2736,1,5,3
1998,8,31,196,19,50,1356,2311,1,9,2
1321,0,63,109,9,817,941,1464,1,6,1
1021,7,9,192,12,901,1793,1355,1,1,1
1339,0,40,123,1,212,1269,2382,1,4,2
1210,9,57,111,20,329,1039,1886,1,0,1
1949,2,31,145,9,837,1182,832,1,3,1
882,9,28,151,16,248,884,751,1,11,0
1549,0,27,113,7,632,1162,436,1,8,0
1991,1,42,82,13,366,613,722,1,5,0
796,2,12,114,8,174,518,1075,0,3,0
1012,4,39,161,6,882,1195,2802,1,0,2
1318,0,11,188,15,688,1591,1780,1,10,1
1708,8,14,197,16,263,1345,1247,1,16,1
598,8,62,117,9,118,764,3066,1,2,2
541,4,51,200,17,1012,1226,403,0,2,0
818,2,23,192,17,586,1552,2518,1,12,2
1414,0,15,168,0,294,1233,1069,1,6,0
601,3,6,169,11,818,1827,2651,1,8,2
561,2,40,99,6,426,865,2974,1,12,2
1616,3,52,100,8,151,1133,657,1,3,0
1263,1,32,103,2,409,644,3372,1,13,3
1604,0,63,93,2,641,1156,1464,1,9,1
539,1,24,86,2,958,967,1326,1,4,0
1071,0,49,199,5,1328,1970,3393,1,5,3
826,0,57,135,0,354,530,323,1,3,0
771,2,62,106,8,1709,1781,1628,0,3,1
1811,0,33,132,2,1099,1553,2610,1,3,3
1842,7,56,179,10,783,1227,3721,0,11,3
1420,1,50,100,8,194,1393,763,0,1,0
1763,12,10,184,19,238,1893,792,1,12,0
1163,6,2,133,20,919,1076,1568,1,0,1
1805,0,29,182,2,758,891,1276,0,4,1
610,9,52,90,19,1039,1273,3472,1,4,3
1924,3,63,111,10,122,686,3423,1,3,3
1801,6,52,120,10,100,1708,258,1,8,0
1726,1,42,106,3,1221,1804,1868,1,7,2
794,15,14,197,19,312,1376,2171,0,8,1
1686,4,28,182,8,599,1073,780,0,10,0
1444,0,6,103,1,1274,1340,712,0,5,0
1004,0,30,160,1,62,581,1012,1,4,0
1242,8,28,166,9,315,1796,318,1,10,0
539,6,26,137,8,1123,1709,3948,1,11,3
717,2,14,99,6,1878,1981,629,1,15,0
1540,0,29,157,1,318,831,1161,1,8,0
672,7,35,99,17,574,1267,1403,1,7,0
1325,0,13,133,8,1353,1915,3707,1,3,3
950,6,55,124,7,86,1681,1305,1,5,0
948,6,18,119,7,340,1728,2926,1,13,2
1328,5,27,144,18,602,1156,2674,1,2,2
1447,3,40,184,5,963,1062,471,0,4,0
1973,3,21,95,7,127,507,1724,0,10,1
1617,1,63,111,10,274,1079,2754,1,10,2
1791,1,33,110,4,371,682,594,1,8,0
851,7,54,101,9,788,1007,1005,1,2,0
856,0,14,115,7,395,1027,2439,1,3,1
714,1,30,145,2,643,1527,2302,0,10,1
951,6,15,81,17,854,935,1083,1,11,0
1303,6,10,109,15,1335,1873,2219,1,3,2
1550,2,32,126,5,1541,1619,1571,0,3,2
1759,10,15,101,13,382,1163,2107,1,5,2
1987,0,50,119,18,960,1925,857,1,4,1
908,1,44,95,2,154,941,3518,1,12,3
820,2,58,160,4,468,694,1284,0,7,0
904,4,19,147,7,1094,1496,545,0,18,0
667,4,6,149,10,272,870,3566,1,5,2
1109,1,34,173,4,165,1103,2821,1,5,2
1333,3,59,183,5,394,1301,3442,1,16,3
1352,5,6,92,9,629,1299,1309,1,1,1
1600,1,19,88,9,831,1713,1179,0,3,1
1454,8,37,80,20,903,910,1713,0,0,1
1489,0,9,169,1,923,1759,1663,1,3,1
1823,11,10,81,19,362,1250,1812,1,0,2
1581,9,41,172,19,693,850,1384,0,9,1
1672,1,44,172,4,1250,1435,1348,1,6,1
1283,0,27,80,6,1135,1923,3957,1,15,3
630,9,14,180,13,66,1448,1212,1,8,0
659,0,24,151,2,924,1877,3925,1,1,3
1811,0,32,115,0,204,1132,348,1,11,0
688,9,40,109,20,376,1957,1382,0,7,1
514,5,18,141,8,1083,1492,980,0,7,0
1933,1,16,154,9,229,1473,838,0,2,0
915,8,31,91,20,875,1316,378,1,6,0
1006,4,22,135,8,35,991,909,1,4,0
1134,2,13,92,19,18,903,3632,1,8,3
599,0,64,186,1,103,646,3396,1,3,2
973,5,53,196,7,105,588,1861,0,10,1
1180,0,27,90,1,168,540,348,1,5,0
1237,7,13,98,12,18,1004,2528,0,8,2
659,7,5,169,10,659,730,2190,1,10,1
1142,6,6,190,8,534,855,663,0,4,0
1002,16,11,185,18,285,512,961,1,7,0
1392,0,44,113,2,482,1098,1280,1,1,1
602,9,50,141,18,1571,1717,2189,0,5,2
1249,3,55,140,8,605,1193,531,1,10,0
531,0,12,121,3,158,1657,2331,1,12,1
1450,1,31,114,4,1573,1639,794,0,5,1
1342,1,50,173,8,127,620,2644,0,2,2
832,5,22,198,8,343,1431,1666,1,4,1
867,0,57,159,0,289,724,2157,1,6,1
1404,16,44,151,20,1703,1880,1196,0,6,1
840,6,33,150,7,1482,1591,2072,0,8,2
1368,10,42,91,20,907,925,1590,1,0,1
1927,3,11,190,12,491,1506,2916,0,11,3
1714,7,31,120,10,287,627,3707,0,1,3
1201,1,10,198,5,1151,1723,726,1,4,0
1796,4,44,184,11,1024,1363,3577,1,7,3
1147,11,28,158,13,1085,1134,2627,1,3,2
776,0,20,146,9,991,1803,685,1,11,0
510,0,33,110,10,1052,1897,1693,0,2,1
1045,3,40,175,7,1078,1564,2137,1,8,2
1497,4,10,153,20,98,977,3696,1,0,3
1425,0,33,89,2,396,1648,3771,1,3,3
726,0,40,94,20,323,978,1342,1,11,0
1576,0,20,148,0,410,1551,1379,1,1,1
714,5,11,197,6,1750,1857,1164,1,12,1
1595,1,63,88,20,1475,1988,908,0,13,1
541,0,10,127,0,1836,1873,1019,1,9,1
1617,14,29,113,20,283,676,3685,0,1,3
1154,2,5,98,13,539,1240,1470,1,0,1
1638,6,2,189,11,440,563,2299,1,9,2
1150,0,39,151,1,397,800,999,1,2,0
1254,0,44,149,10,204,1021,3011,1,4,2
1806,2,54,117,11,347,727,3142,1,0,3
603,8,12,114,20,1003,1284,1543,1,5,1
1834,7,40,99,11,0,1987,3692,1,0,3
520,0,31,145,14,264,519,2753,1,7,1
565,1,50,158,8,543,703,2156,1,6,1
1689,11,9,150,15,467,675,2637,1,4,2
742,0,21,104,1,875,925,331,1,8,0
1143,1,22,125,6,1116,1724,1214,1,5,1
761,9,3,196,15,1325,1945,2248,1,3,2
959,0,36,196,14,1313,1331,3073,1,1,3
772,7,8,134,8,552,1802,422,1,6,0
1015,5,12,102,14,335,679,2293,0,1,1
1824,9,2,103,14,50,1105,3958,1,2,3
1130,1,29,130,14,593,1327,432,1,1,0
1183,3,48,120,12,268,1010,1152,1,3,0
574,0,26,118,2,382,1364,1303,1,4,0
1472,4,20,169,6,443,892,797,1,1,0
1868,2,40,179,17,576,884,298,1,2,0
1375,2,20,147,7,596,679,3847,1,0,3
881,1,64,160,6,115,636,2110,1,9,1
1742,5,43,176,7,356,1407,1921,1,2,2
1225,6,60,107,15,10,1567,2423,1,11,2
1970,0,15,132,0,1399,1684,1658,1,9,2
1186,2,21,160,4,68,584,2361,1,8,1
1762,7,60,157,10,643,790,1380,1,5,1
1731,4,4,163,18,809,1988,3892,1,1,3
852,5,8,160,9,683,1349,315,1,6,0
848,4,36,151,16,56,527,2289,1,2,1
1575,0,11,185,20,492,818,2182,1,3,2
1554,7,23,105,18,699,1492,2184,1,9,2
1972,0,48,92,2,290,804,2872,1,2,3
827,9,35,87,17,23,826,2367,1,3,1
1063,7,3,155,10,394,849,1919,1,10,1
1695,1,34,84,10,713,1742,3296,0,6,3
1343,5,14,81,10,1063,1205,462,1,7,0
834,2,27,123,16,1421,1463,1591,1,9,1
595,0,20,122,18,623,816,1593,1,11,0
1081,13,42,101,17,83,816,2456,1,4,1
911,3,14,199,4,1563,1692,2933,0,3,3
844,1,22,197,2,777,1995,3154,1,11,3
1335,3,60,180,4,83,559,3615,1,2,3
1883,9,24,87,16,203,915,3563,0,10,3
1128,6,33,147,7,938,1226,1440,1,15,1
826,14,57,117,17,1077,1183,1907,1,14,1
1650,0,38,89,1,773,881,324,1,10,0
1162,0,50,104,10,332,866,1404,1,3,1
1517,2,8,169,18,570,1645,2738,1,16,2
963,1,60,156,3,742,821,2722,1,6,2
1837,5,12,103,6,1420,1539,2294,1,7,3
1028,1,30,193,10,1801,1923,1424,1,4,1
1831,4,55,189,9,1693,1790,1133,0,3,1
571,5,58,101,11,31,1536,555,1,10,0
1770,0,9,183,5,1098,1373,3785,1,10,3
970,5,59,84,19,1765,1786,3675,0,0,3
642,0,38,86,10,887,1775,435,1,2,0
622,12,11,193,14,760,1964,3183,1,0,2
600,9,6,199,15,486,1032,3495,1,4,2
1412,9,57,86,10,2,660,1853,0,10,1
733,7,16,138,12,202,1787,2648,1,0,2
1070,9,19,160,16,90,1614,2647,0,13,2
875,1,30,146,8,469,853,702,1,15,0
1994,5,5,189,7,86,1546,1836,1,11,2
823,9,18,182,16,1180,1350,3894,1,10,3
1908,9,30,111,19,140,1046,2944,1,17,3
790,7,44,89,8,1100,1437,3424,1,11,3
1330,1,40,177,5,194,892,2678,1,4,2
1660,2,15,100,8,440,569,2424,1,5,2
1776,2,20,82,16,1563,1803,2671,0,10,3
1611,4,27,199,10,163,1011,3078,1,2,2
1410,0,15,92,1,192,1311,2304,1,4,2
1280,0,39,108,1,356,588,2335,1,4,1
1712,2,23,155,19,155,663,1422,1,0,1
1562,0,55,140,1,1032,1776,2096,0,3,2
891,1,18,153,3,40,1435,1303,1,16,0
1110,1,42,192,2,1179,1262,456,1,8,0
875,1,43,104,3,902,969,3396,1,2,3
1211,0,28,130,3,58,963,2750,0,1,2
769,12,54,112,19,1385,1780,941,1,8,0
671,7,2,95,19,614,1617,2278,1,4,2
1872,5,26,172,10,672,1088,2273,1,4,2
1076,0,14,191,0,1088,1718,2355,1,16,2
1325,2,50,146,10,499,695,2328,1,10,2
911,1,28,182,2,157,763,2638,1,4,1
1273,1,23,178,14,485,1399,558,1,5,0
1062,3,39,124,4,571,817,1345,1,0,0
1317,6,12,154,9,431,542,425,1,0,0
940,0,16,115,1,499,1090,2192,1,13,1
729,0,14,135,2,563,1055,3397,1,15,2
1494,6,3,93,17,944,1003,1208,1,13,1
1546,2,27,124,6,1138,1491,267,1,10,0
1253,0,34,113,10,161,647,3518,1,3,3
895,6,16,164,14,126,1575,3122,0,0,2
793,0,43,124,2,15,1196,1050,1,9,0
1628,11,56,136,13,500,1713,3358,1,11,3
625,2,42,138,3,203,1771,2929,1,4,2
1110,2,12,153,5,961,1950,624,1,7,0
999,6,49,132,17,608,1970,1598,0,0,1
1856,0,24,155,1,277,1155,2052,1,6,2
1715,9,15,120,20,114,1849,1249,1,2,1
1897,2,54,154,7,630,738,412,1,11,0
1202,0,19,122,1,404,1742,595,0,0,0
1171,2,19,167,19,248,755,263,0,5,0
964,0,22,86,0,225,1234,2577,1,16,2
1973,6,46,193,10,699,851,639,0,0,0
1992,11,2,141,14,649,895,3206,1,9,3
546,5,26,159,15,416,1658,1550,0,2,1
1093,1,31,171,12,1310,1420,1646,1,0,1
1880,11,35,200,14,930,1983,1930,0,7,2
1765,3,11,87,7,835,1175,3695,1,5,3
1640,1,36,87,11,664,1806,3235,1,1,3
1830,0,7,191,12,460,1583,2334,0,7,2
826,3,62,187,19,778,1615,1998,0,4,1
1864,0,7,142,2,225,1545,2258,1,1,2
586,16,42,121,17,785,1118,1869,1,2,1
1206,10,30,127,13,1581,1713,1825,1,1,2
832,1,5,165,2,9,1944,3946,1,5,3
848,1,8,103,3,7,1294,436,1,6,0
1851,0,53,112,2,174,1175,2678,1,0,2
1166,7,59,80,11,437,638,3887,1,6,3
1776,10,35,172,16,278,623,1813,1,13,1
1254,2,27,134,10,1288,1372,817,1,1,0
1494,4,24,101,17,979,1190,3614,1,12,3
984,0,39,119,18,56,1931,2013,1,7,1
1179,1,5,154,17,913,1429,543,0,7,0
513,8,27,174,13,282,710,3400,0,6,2
557,3,17,89,4,322,710,2623,0,16,1
744,0,33,105,2,1252,1963,2700,1,3,2
1129,9,21,116,10,1128,1702,1400,1,0,1
1148,0,58,170,20,606,688,3127,1,7,2
1793,12,44,175,17,655,1459,2803,1,9,3
1310,3,15,150,11,954,970,2518,0,17,2
1604,1,6,191,15,68,1042,3564,1,2,3
1676,2,37,145,3,134,1197,2515,1,8,2
1001,1,40,117,7,922,1836,3654,1,9,3
1086,0,24,135,19,1874,1976,3930,1,1,3
1986,7,39,89,19,251,599,3476,1,8,3
634,5,41,192,12,1362,1853,3242,1,11,3
502,7,52,82,8,281,1159,2666,1,4,2
1641,6,48,97,7,224,1994,1695,1,6,2
623,0,15,189,1,778,844,3510,1,4,2
962,3,17,161,20,546,1424,3438,0,3,3
1057,3,41,97,10,397,891,2033,1,9,1
1862,1,62,182,2,386,1046,1017,1,3,1
555,5,38,193,10,214,1970,1686,1,1,1
1000,1,58,135,12,461,833,862,1,0,0
841,6,11,81,14,125,675,957,1,5,0
865,5,16,89,12,335,1009,3494,0,3,3
999,11,56,165,13,342,1641,3083,1,4,2
1232,12,30,131,14,625,761,1656,1,4,1
1194,6,34,165,12,494,509,313,1,1,0
612,1,20,179,6,1145,1487,3282,1,2,3
1362,0,47,186,4,600,1042,3629,0,17,3
1469,11,44,169,14,484,711,1687,1,5,1
986,13,28,182,20,199,679,1149,1,7,0
1843,1,62,104,7,21,832,3899,1,4,3
1561,10,4,134,13,885,1811,1783,1,12,2
1695,2,47,189,13,308,1208,1629,1,6,1
667,3,8,185,7,1015,1947,2528,0,8,2
1768,0,2,88,2,1303,1814,3256,1,6,3
1269,16,41,180,17,406,1036,2341,0,9,2
1109,6,57,151,12,124,833,2785,1,10,2
936,14,14,164,17,150,1677,3761,1,1,3
1713,9,5,199,16,108,1963,1513,1,6,1
1175,1,45,167,7,90,557,2240,1,6,1
1940,0,5,194,1,588,1809,820,1,18,1
855,2,59,159,3,1028,1196,1875,1,8,1
771,0,33,157,17,776,1247,920,1,2,0
645,10,63,174,14,278,584,3615,1,8,2
1307,2,7,88,3,897,1103,1412,0,9,1
1948,4,5,136,13,651,700,361,0,1,0
1509,5,50,81,8,1010,1684,1540,1,8,1
626,3,11,109,9,737,1759,1077,1,1,0
1190,0,40,93,1,1399,1646,3610,0,7,3
1727,10,57,158,18,376,1288,512,0,2,0
1670,14,62,114,20,1117,1330,3024,0,0,3
1150,4,27,134,17,234,1947,1610,1,0,1
1208,5,16,175,19,691,1028,2201,1,16,1
1812,4,42,162,15,380,1550,3338,1,13,3
770,6,61,196,9,603,1483,3473,0,3,3
1559,10,10,114,17,117,681,2203,1,5,1
1902,10,13,155,11,766,877,940,1,10,1
1751,1,4,146,9,1499,1952,1155,0,14,1
1416,0,20,93,0,1175,1578,3872,0,2,3
1288,3,61,115,6,988,1503,1882,1,6,2
1003,16,16,119,19,190,1905,1798,1,7,1
1715,1,18,96,3,674,1375,2598,1,2,3
1967,0,46,199,7,518,1374,1567,1,2,1
962,14,2,125,20,1618,1916,1491,1,2,1
1487,5,42,120,7,857,989,2003,1,4,2
1569,4,54,190,6,371,665,3905,1,2,3
1146,5,57,111,10,73,583,291,1,9,0
1379,6,9,118,13,98,755,1693,1,4,1
1504,7,25,152,9,395,1853,1788,1,11,1
1945,3,26,112,5,1064,1540,3322,0,7,3
1630,0,32,80,1,712,1726,1751,1,10,2
1125,10,23,117,14,774,939,1641,1,8,1
614,4,51,178,7,1012,1040,2854,1,7,2
854,5,17,101,9,730,1148,3115,1,0,2
1470,6,45,121,9,777,1090,3259,1,1,3
1826,5,49,172,6,973,1633,1612,1,9,2
807,0,37,127,0,245,829,2319,0,4,1
1996,0,7,138,4,937,1083,1258,1,14,1
1083,3,41,158,5,937,1164,1543,0,3,1
1035,14,49,178,15,574,1171,3991,1,4,3
1521,5,62,143,9,678,1630,3555,1,2,3
1314,13,5,87,18,82,512,3411,1,16,3
535,5,24,190,19,398,1775,524,0,3,0
673,13,35,142,14,1096,1570,3541,1,17,3
1219,5,4,169,7,1419,1698,1998,0,2,2
1606,0,33,200,0,157,770,3437,1,1,3
1603,1,17,114,8,430,1207,1637,1,3,1
1958,6,52,153,14,1524,1848,3064,1,6,3
1441,0,53,106,12,254,954,1393,1,4,1
1470,4,33,138,10,1790,1988,1633,1,4,2
1890,4,48,127,5,1438,1832,2392,1,4,3
1152,0,26,82,0,1304,1673,3284,1,2,3
1619,3,20,117,9,813,1180,464,1,5,0
1002,1,45,180,7,948,1007,1234,1,13,0
742,0,36,139,1,1161,1288,292,1,0,0
1306,2,33,174,9,867,1258,2521,1,5,2
1424,0,20,180,0,181,1199,2658,1,0,2
942,8,27,91,9,754,1532,587,0,3,0
1934,8,2,118,16,242,1127,2190,1,1,2
930,0,54,80,13,1569,1763,1743,0,1,2
1699,16,21,156,20,105,1099,1181,1,0,1
1849,1,29,181,12,978,1986,3330,1,4,3
1922,15,42,153,16,725,1882,3564,1,1,3
548,0,56,146,14,657,1657,562,1,14,0
916,0,47,82,1,1147,1393,1659,1,10,1
1783,8,14,183,11,910,1566,1816,0,7,2
1083,2,49,156,9,295,503,1338,1,8,0
1698,10,7,131,12,26,508,2992,1,3,2
1969,5,7,85,20,332,764,315,1,7,0
869,0,2,197,3,519,533,3249,0,0,2
1337,0,5,200,1,161,1029,3242,0,1,2
637,2,28,194,6,1080,1289,2725,0,10,2
833,0,27,145,2,649,1290,586,1,8,0
1248,6,9,89,8,71,1686,2454,1,8,2
1174,7,30,147,20,744,1244,804,0,14,0
1831,3,44,148,14,437,1113,2460,1,5,2
1002,7,27,146,10,115,1111,1295,1,15,0
1010,2,8,139,3,547,957,2625,1,11,2
1117,2,21,177,19,495,1035,1999,1,9,1
990,3,15,153,7,1466,1717,2698,1,8,2
1564,5,26,129,16,117,1115,3742,1,3,3
1065,0,21,158,3,760,1722,1193,1,13,1
1982,12,24,129,16,764,1873,3511,1,14,3
1607,6,20,192,8,776,1005,885,1,1,0
1066,6,5,167,7,53,1504,1044,1,7,0
681,12,17,194,19,371,1702,2548,1,1,2
1163,0,19,132,1,728,818,2940,1,0,2
1285,4,11,199,7,1791,1896,3966,1,15,3
753,11,48,121,20,606,1316,3484,1,10,3
1779,2,5,90,3,1225,1717,1246,0,2,1
987,4,52,83,8,419,736,2757,1,12,2
511,15,24,136,18,367,1264,2378,1,3,1
1044,4,12,104,5,1230,1263,1794,1,7,1
1855,5,32,187,18,267,1161,3933,1,0,3
946,9,26,186,10,273,891,1637,1,3,0
657,2,21,110,8,705,1905,783,1,1,0
1673,2,42,182,6,214,679,3094,0,4,2
731,0,28,130,0,424,1032,1774,1,8,1
926,6,59,161,14,84,793,256,1,7,0
1261,3,52,86,9,605,1429,1365,1,3,1
618,11,45,188,20,1175,1586,2339,1,2,2
936,5,57,129,6,657,938,2049,1,8,1
1485,0,28,158,1,371,1023,3241,1,11,3
1339,10,21,80,11,833,1441,867,1,3,0
508,1,50,82,9,102,1195,2175,0,4,1
1938,5,44,121,9,1299,1935,3497,0,10,3
995,1,10,104,3,258,1889,609,1,3,0
1086,0,43,111,1,56,1150,3285,1,5,2
1322,1,35,157,3,443,708,3684,1,8,3
1864,2,57,181,6,1279,1793,3586,0,9,3
1944,1,26,92,9,313,712,2322,1,8,2
581,5,56,180,10,523,565,354,1,4,0
1020,3,27,128,4,919,1482,3204,1,1,3
1936,2,44,139,3,570,1021,1400,0,7,1
1329,5,23,198,6,380,682,2308,1,10,1
808,3,46,105,15,119,529,1082,1,5,0
994,4,40,164,17,296,839,3104,0,7,2
1811,3,22,82,8,358,614,2847,1,2,2
765,3,44,88,11,1364,1851,2256,0,1,2
993,0,16,106,13,424,1639,1113,0,1,0
1136,15,32,150,19,961,1030,3210,1,3,3
719,0,23,113,9,431,1727,3990,1,9,3
733,0,63,105,10,950,1739,984,1,4,0
1946,8,8,123,19,647,1849,3117,1,0,3
1577,0,64,105,7,116,1432,2967,1,3,3
1514,3,12,138,4,306,538,1037,1,3,0
579,3,7,89,10,808,1517,2908,0,4,2
574,1,30,126,3,94,1334,1167,1,3,0
1072,6,19,114,16,380,877,2715,0,9,2
843,1,16,119,4,593,732,1734,0,8,1
1492,5,11,85,7,1684,1746,2259,0,12,3
1807,0,16,125,0,1221,1415,2921,0,5,3
909,7,47,146,9,410,1643,1244,0,10,0
1876,9,64,98,19,600,1211,3132,1,0,3
1436,3,23,106,4,189,1411,2488,1,4,2
1251,10,29,133,16,308,591,1052,1,9,0
636,8,28,152,15,148,742,2927,1,6,2
1354,3,26,136,6,297,918,2090,1,1,1
930,3,34,190,16,1050,1726,2131,1,2,2
1830,7,47,117,11,1191,1882,3362,1,10,3
1424,16,23,80,18,1399,1663,1053,1,11,1
583,1,51,88,2,1658,1794,1799,0,9,1
648,9,54,109,20,1153,1817,3124,1,0,3
1203,0,11,109,12,35,510,1672,1,13,0
1777,0,15,100,7,553,874,1552,1,8,1
1299,0,64,83,6,46,908,1938,1,8,1
1494,2,47,129,9,207,1177,3202,1,1,3
527,4,53,128,11,67,1924,1302,0,7,0
793,1,64,179,2,818,1006,2296,1,0,1
873,6,8,152,9,1257,1411,575,1,8,0
722,12,12,93,20,138,1371,2359,0,6,1
1250,14,20,167,18,11,1020,3314,1,5,2
1358,0,60,147,1,889,1635,440,1,10,0
1035,8,11,173,10,831,1709,2002,1,8,1
1289,3,16,161,17,713,1854,3167,1,8,3
1445,2,37,82,6,527,1393,3480,1,16,3
1702,12,47,107,19,1284,1643,595,1,0,1
534,4,2,85,16,911,1220,2466,0,3,2
628,5,60,87,6,1047,1534,1337,0,7,1
713,4,53,98,17,123,1477,1462,1,18,0
1207,0,58,112,0,406,681,503,1,3,0
683,7,30,197,8,927,1135,2066,0,0,1
594,1,27,196,2,407,528,708,0,5,0
537,1,55,103,2,1041,1430,2029,1,5,1
1565,0,38,121,1,781,1364,308,1,17,0
1052,1,6,195,16,1191,1839,552,0,1,0
713,4,63,89,8,103,1760,2082,1,10,1
1766,1,16,141,7,125,1227,3314,0,7,3
584,1,19,199,4,919,1343,3996,1,9,3
1541,6,5,109,10,536,1656,1795,1,3,1
837,1,51,104,15,638,1831,594,1,6,0
935,3,58,155,12,639,1087,2473,1,4,2
665,0,31,185,2,496,1804,690,1,2,0
680,13,34,157,17,686,1418,3845,1,1,3
877,0,17,195,0,1064,1985,2004,1,8,1
1493,13,53,102,16,240,1414,2083,0,15,2
1762,3,26,83,14,525,704,2661,1,7,2
842,4,57,124,10,348,730,1903,0,4,1
925,9,56,196,14,1262,1520,2466,1,0,2
1692,4,2,106,17,1899,1904,3779,1,3,3
1576,8,5,139,17,258,789,3904,1,1,3
1065,4,48,162,8,1188,1948,265,1,0,0
958,9,60,200,12,730,751,1417,1,4,0
623,6,26,197,12,484,1238,1769,1,1,1
897,1,17,171,2,547,1852,2948,0,3,2
1110,4,41,152,16,800,1455,2572,1,5,2
616,3,21,150,4,347,513,3267,1,9,2
1680,6,37,168,7,679,1231,1459,1,3,1
1715,0,12,94,6,1224,1676,1633,1,10,2
983,0,45,130,11,948,1205,2052,1,3,1
720,12,14,165,14,366,1234,1086,1,7,0
1660,2,24,169,3,223,1777,2402,1,10,2
1564,1,42,108,2,1619,1962,3376,0,0,3
592,1,52,103,10,332,970,1507,0,0,0
969,2,44,158,7,167,909,641,1,1,0
1356,0,35,131,19,782,951,3451,1,2,3
504,8,14,189,9,881,1129,1607,1,0,0
1546,3,6,101,4,91,1317,3521,1,11,3
689,3,7,147,6,487,722,1241,1,0,0
1685,14,16,137,15,120,1429,881,0,3,0
1792,3,62,170,8,1626,1913,2563,1,14,3
1786,11,61,123,14,74,865,3033,0,11,3
1944,9,59,132,10,634,1079,769,1,13,0
1077,13,49,131,14,334,1079,3454,1,11,3
648,1,60,195,4,931,1811,819,1,3,0
1702,8,2,185,19,921,1351,435,0,9,0
1571,1,30,150,3,805,956,586,0,9,0
856,14,19,125,19,1057,1931,650,1,0,0
1786,6,14,115,15,616,912,3038,1,0,3
914,1,60,198,4,740,840,3736,1,8,3
1615,3,9,117,13,542,678,2948,1,3,2
649,4,19,190,12,344,1551,739,1,1,0
1646,3,25,200,5,211,1608,686,1,6,0
1189,5,7,164,20,79,615,841,0,10,0
1043,3,29,83,17,887,893,1183,1,3,0
1920,3,19,131,8,670,1152,3943,1,0,3
1220,1,54,109,20,383,1249,1037,1,4,0
1748,11,53,114,20,718,1109,2633,1,0,2
907,7,44,160,12,144,896,3911,0,6,3
1193,7,20,158,13,1442,1904,1958,1,5,2
1766,1,22,122,4,291,1318,3297,1,5,3
1278,7,24,170,16,1352,1775,3141,1,2,3
1234,8,17,174,15,209,725,3351,0,9,2
1961,10,55,100,20,861,1888,2355,1,7,3
1745,0,3,105,0,426,1629,1308,1,0,1
1442,1,27,127,8,266,642,991,1,8,0
1083,1,39,173,2,523,542,3248,1,6,2
868,5,5,137,7,40,1311,1519,0,0,0
864,0,53,88,1,262,1436,493,1,9,0
1142,0,2,114,0,623,769,1747,0,0,1
608,0,64,94,0,4,1351,2517,1,8,1
983,0,53,187,4,1001,1176,1389,1,8,1
1802,8,27,116,16,453,963,1885,1,9,2
1205,5,10,163,10,321,1870,953,0,11,0
1369,3,28,108,18,1451,1469,3206,0,15,3
713,0,42,94,14,1048,1123,928,0,10,0
1082,11,2,101,20,398,724,2177,0,2,1
1719,0,52,187,1,417,520,2610,1,1,2
1090,1,8,128,8,1217,1670,3839,1,3,3
1991,3,15,181,13,298,1037,1861,1,5,1
1367,4,56,176,6,36,642,299,0,2,0
1179,7,32,182,12,85,1451,340,1,5,0
721,1,15,102,18,655,1255,3606,1,0,3
1549,0,62,91,4,167,990,799,1,3,0
1349,3,46,134,12,212,623,2367,1,7,1
1799,1,30,123,9,617,1386,445,1,8,0
1075,2,11,122,16,271,1769,3927,1,3,3
684,3,63,157,9,159,1738,3756,1,5,3
1837,9,36,162,20,786,872,770,0,1,0
1619,2,21,138,9,46,562,1641,1,2,1
965,1,13,197,2,645,1275,2343,1,12,2
730,9,9,122,15,1371,1677,2787,1,8,2
1361,1,47,169,2,881,1382,2495,0,7,2
1494,3,45,158,4,449,790,3208,1,9,3
1027,7,18,146,11,338,534,1234,1,4,0
1807,0,38,97,0,1332,1814,1069,1,6,1
709,1,11,130,11,119,1531,3568,0,14,3
689,2,45,103,11,256,823,3585,1,1,3
955,2,2,155,10,428,1254,1974,1,1,1
1872,5,35,111,14,1546,1879,2419,0,5,3
1259,0,13,97,0,1210,1989,340,1,13,0
695,1,41,169,8,789,1211,2282,1,2,1
1969,9,63,132,11,390,756,298,1,1,0
759,3,39,162,8,110,1317,968,1,2,0
936,1,18,153,18,1330,1686,2391,1,6,2
1176,2,62,168,10,674,1455,1534,1,2,1
1802,0,10,101,9,253,590,696,1,7,0
772,0,23,97,11,317,1805,2782,1,0,2
1318,1,45,136,7,183,661,755,1,3,0
591,1,16,90,17,892,1603,3746,1,0,3
569,0,41,124,1,388,605,2651,0,7,1
764,9,45,124,11,52,539,1341,1,1,0
1056,8,37,101,11,914,979,2651,1,5,2
1982,2,12,80,20,287,593,1824,1,3,1
1830,5,14,160,6,773,1353,1905,1,3,2
1122,0,40,156,14,675,1163,1456,1,3,1
1023,2,63,153,8,367,1985,3155,1,10,3
1283,8,33,93,15,510,980,773,1,7,0
1602,0,35,99,7,1325,1800,1829,1,17,2
732,5,32,163,7,1661,1836,3883,1,2,3
1854,0,33,195,0,665,718,1675,1,12,1
718,1,30,93,12,662,997,1601,1,9,1
897,3,2,154,10,0,994,1958,1,5,1
1405,0,8,107,7,284,1036,2376,0,6,2
798,6,21,110,12,661,1951,1647,1,2,1
1035,1,40,157,15,757,1912,3548,0,4,3
1396,0,37,134,15,560,1177,2694,0,3,2
1749,7,49,178,8,470,775,2195,1,4,2
1588,12,4,148,20,146,822,2506,1,3,2
1600,1,16,94,16,1315,1710,2073,1,5,2
1522,4,21,162,11,533,1696,3767,0,9,3
1279,5,7,105,6,560,1633,1150,1,2,1
719,7,6,102,8,405,1141,841,1,1,0
544,2,7,129,15,227,610,1675,1,4,0
1007,5,21,185,12,479,831,1301,1,6,0
590,0,32,141,1,227,509,1817,0,0,0
1788,0,6,141,16,149,1022,2321,1,5,2
748,0,25,110,14,88,709,1974,0,5,1
757,4,64,157,5,114,819,3433,1,5,2
1561,1,27,174,10,662,874,1205,1,7,1
1327,10,23,89,16,441,1721,872,1,5,0
797,4,18,81,20,888,1466,2052,1,3,1
727,0,64,193,9,664,711,3654,1,1,3
686,0,36,194,1,64,745,1503,0,0,0
1515,4,24,176,6,747,1247,3104,1,5,3
555,2,17,163,12,956,1010,343,0,14,0
1589,0,5,112,2,776,1397,3430,1,5,3
1976,6,45,136,19,652,1933,2470,0,1,3
1884,3,24,149,4,1168,1179,1396,1,8,1
1063,0,27,86,7,201,582,2668,0,5,2
672,13,61,194,20,724,1127,1457,1,10,0
635,9,16,110,17,599,1299,2452,1,17,2
1906,3,55,113,4,3,629,1871,1,5,1
1753,4,40,191,11,1652,1983,1112,1,2,1
659,2,3,85,6,190,657,967,1,1,0
1583,0,14,148,4,1171,1673,2498,0,6,2
1783,2,42,104,8,1081,1979,387,0,5,1
1667,0,21,138,0,1211,1396,635,1,7,0
640,5,6,143,20,976,1353,2711,1,7,2
1913,0,29,111,4,675,742,2023,1,13,2
538,0,25,163,7,455,537,2215,1,3,1
1191,6,46,89,9,42,807,824,1,18,0
816,2,9,117,3,1196,1651,3851,1,3,3
915,9,33,199,16,503,986,2156,1,3,1
1157,7,27,88,8,1694,1798,2885,1,4,3
1201,2,10,99,7,306,558,495,1,6,0
1379,1,18,129,16,838,885,2358,1,5,2
1483,3,53,169,11,291,651,1744,1,3,1
1614,1,9,161,2,173,1219,1832,1,8,1
930,4,4,144,10,1017,1289,2016,1,10,1
1454,8,6,199,20,698,1018,1300,0,0,1
1784,4,41,164,20,610,1437,2313,0,1,2
1262,12,34,149,16,223,737,3248,0,3,2
797,0,37,144,2,206,1167,2216,1,5,1
1829,8,59,91,15,1457,1919,3142,1,6,3
1139,6,58,161,11,742,999,1850,1,4,1
618,9,13,80,15,591,724,1424,1,12,0
1547,2,57,114,3,347,957,1620,0,2,1
586,2,15,83,11,241,854,2592,0,8,1
1617,8,36,85,9,743,1426,296,1,3,0
1882,11,44,113,19,4,743,3579,1,8,3
674,1,21,198,4,576,1809,1180,1,3,0
1467,0,18,122,0,888,1099,3962,1,11,3
858,1,50,84,2,528,1416,3978,1,16,3
794,0,2,106,14,1222,1890,668,1,4,0
1965,0,39,187,3,915,1965,2032,1,10,2
1911,1,36,108,3,868,1632,3057,1,1,3
1512,4,46,145,5,336,670,869,1,10,0
510,5,45,168,16,483,754,3919,1,4,3
